"","making_friends","being_successful","good_education","happy_relationships","getting_money","reading","writing","radio","tv","accepted_pni","talking_teachers","talking_villages","funerals","kamadipw","sakau","facebook","talking_kolonia","talking_chief","talking_gov","good_job","friends_school","church","store","talking_neighbors","us_relatives"
"1","English","English","English","English","English","English","English","English","English","English","English","English","English","English","Other","English","English","English","English","English","English","English","English","English","Other"
"2","Pohnpeian","Pohnpeian","Pohnpeian","Pohnpeian","Pohnpeian","Pingelapese","Pohnpeian","Pohnpeian","Pohnpeian","Pohnpeian","Pohnpeian","Pohnpeian","Pohnpeian","Pohnpeian","Pohnpeian","Pohnpeian","Pohnpeian","Pohnpeian","Pohnpeian","Pohnpeian","Pohnpeian","Pohnpeian","Pohnpeian","Pohnpeian","Pohnpeian"
"3","Pohnpeian","English","English","Pohnpeian","English","English","English","English","English","Pohnpeian","Pohnpeian","Pohnpeian","Pohnpeian","Pohnpeian","Pohnpeian","English","Pohnpeian","Pohnpeian","English","English","Pohnpeian","Pohnpeian","Pohnpeian","Pohnpeian","English"
"4","Pohnpeian","English","English","English","English","English","English","English","English","Pohnpeian","English","English","Pohnpeian","Pohnpeian","Pohnpeian","Pohnpeian","Pohnpeian","Pohnpeian","English","English","English","Pohnpeian","Pohnpeian","Pohnpeian","Pohnpeian"
"5","English","English","English","English","English","English","English","English","English","Pohnpeian","English","Pohnpeian","Pohnpeian","Pohnpeian","Pohnpeian","English","Pohnpeian","Pohnpeian","Pohnpeian","English","English","Pohnpeian","Pohnpeian","Pohnpeian","English"
"6","Pohnpeian","English","English","Pohnpeian","English","English","English","English","English","Pohnpeian","English","Pohnpeian","Pohnpeian","Pohnpeian","Pohnpeian","English","Pohnpeian","Pohnpeian","Pohnpeian","English","English","Pohnpeian","Pohnpeian","Pohnpeian","English"
"7","English","English","English","Pohnpeian","English","English","English","English","English","Pohnpeian","English","Pohnpeian","Pohnpeian","Pohnpeian","Pohnpeian","English","English","Pohnpeian","English","English","English","Pohnpeian","English","English","English"
"8","Pohnpeian","English","English","Pohnpeian","English","English","English","Pohnpeian","English","Pohnpeian","English","Pohnpeian","Pohnpeian","Pohnpeian","English","English","English","Pohnpeian","English","English","Pohnpeian","Pohnpeian","English","English","English"
"9","English","English","English","English","English","English","English","English","English","Pohnpeian","English","Pohnpeian","Pohnpeian","Pohnpeian","Pohnpeian","English","Pohnpeian","Other","English","English","English","Pohnpeian","Pohnpeian","Pohnpeian","English"
"10","Pohnpeian","English","English","Pohnpeian","English","English","English","English","English","Pohnpeian","Pohnpeian","Pohnpeian","Pohnpeian","Pohnpeian","Pohnpeian","English","English","Pohnpeian","English","English","English","Pohnpeian","Pohnpeian","Pohnpeian","English"
"11","English","English","English","English","English","English","English","English","English","Pohnpeian","English","Pohnpeian","Pohnpeian","Pohnpeian","Pohnpeian","English","English","Pohnpeian","English","English","English","Pohnpeian","Pohnpeian","Pohnpeian","English"
"12","English","English","English","Other","English","English","English","English","Mokilese","Pohnpeian","English","Pohnpeian","Pohnpeian","Pohnpeian","Pohnpeian","English","English","Pohnpeian","English","English","English","English","English","English","English"
"13","English","English","English","Chuukese","English","English","English","English","English","Pohnpeian","English","Pohnpeian","Pohnpeian","Pohnpeian","Pohnpeian","English","English","Pohnpeian","English","English","English","English","English","Chuukese","English"
"14","English","English","English","English","English","English","English","Pohnpeian","English","Pohnpeian","English","Pohnpeian","Pohnpeian","Pohnpeian","Pohnpeian","English","Pohnpeian","Pohnpeian","English","English","English","Pohnpeian","Pohnpeian","Pohnpeian","Pohnpeian"
"15","English","English","English","English","English","English","English","English","English","Pohnpeian","English","Pohnpeian","Pohnpeian","Pohnpeian","Pohnpeian","English","English","Pohnpeian","English","English","English","Pohnpeian","Pohnpeian","Pohnpeian","English"
"16","Pohnpeian","English","English","Pohnpeian","English","English","English","Pohnpeian","English","Pohnpeian","English","Pohnpeian","Pohnpeian","Pohnpeian","Pohnpeian","English","Pohnpeian","Pohnpeian","English","English","English","Pohnpeian","Pohnpeian","Pohnpeian","Pohnpeian"
"17","Pohnpeian","English","English","Pohnpeian","English","English","English","Pohnpeian","English","Pohnpeian","English","Pohnpeian","Pohnpeian","Pohnpeian","Pohnpeian","English","Pohnpeian","Pohnpeian","English","English","English","Pohnpeian","Pohnpeian","Pohnpeian","English"
"18","English","English","English","English","English","English","English","English","English","English","English","Pohnpeian","Pohnpeian","Pohnpeian","Pohnpeian","English","English","Pohnpeian","English","English","English","Pohnpeian","English","English","English"
"19","Pohnpeian","Pohnpeian","English","Pohnpeian","Pohnpeian","English","English","English","English","Pohnpeian","English","Pohnpeian","Pohnpeian","Pohnpeian","Pohnpeian","English","English","Pohnpeian","Pohnpeian","Pohnpeian","English","Pohnpeian","English","Pohnpeian","English"
"20","English","English","English","English","English","English","English","English","English","Pohnpeian","English","Pohnpeian","Pohnpeian","Pohnpeian","Pohnpeian","English","Pohnpeian","Pohnpeian","English","English","English","Pohnpeian","English","English","English"
"21","Pohnpeian","Pohnpeian","Pohnpeian","Pohnpeian","Pohnpeian","Pohnpeian","Pohnpeian","Pohnpeian","English","Pohnpeian","Pohnpeian","Pohnpeian","Pohnpeian","Pohnpeian","Pohnpeian","English","Pohnpeian","Pohnpeian","Pohnpeian","English","Pohnpeian","Pohnpeian","Pohnpeian","Pohnpeian","Pohnpeian"
"22","Pohnpeian","English","English","Pingelapese","English","English","English","English","English","Pohnpeian","English","Pohnpeian","Pohnpeian","Pohnpeian","Pohnpeian","English","Pohnpeian","Pohnpeian","English","English","Pohnpeian","Pingelapese","Pohnpeian","Pingelapese","Pingelapese"
"23","English","English","Pohnpeian","Mokilese","English","English","English","Pohnpeian","English","Pohnpeian","English","Pohnpeian","Mokilese","Mokilese","Pohnpeian","English","Pohnpeian","Pohnpeian","English","English","English","Mokilese","Mokilese","Mokilese","Mokilese"
"24","Other","Other","English","Other","English","English","English","English","English","Pohnpeian","English","Pohnpeian","Other","Pohnpeian","Pohnpeian","English","English","Pohnpeian","English","Other","English","English","Other","English","English"
"25","Pohnpeian","English","English","Other","English","English","English","English","English","Pohnpeian","English","Pohnpeian","Pohnpeian","Pohnpeian","Pohnpeian","English","English","Pohnpeian","English","English","Pohnpeian","Pohnpeian","Pohnpeian","Pohnpeian","Pohnpeian"
"26","English","English","English","English","English","English","English","Pohnpeian","English","Pohnpeian","English","Pohnpeian","Pohnpeian","Pohnpeian","Pohnpeian","English","Pohnpeian","Pohnpeian","English","English","English","English","Pohnpeian","Pohnpeian","English"
"27","English","English","English","Pohnpeian","English","English","English","English","English","Pohnpeian","English","Pohnpeian","Pohnpeian","Pohnpeian","Other","English","Pohnpeian","Pohnpeian","English","English","English","English","Pohnpeian","Pohnpeian","English"
"28","Pohnpeian","English","English","Pohnpeian","Pohnpeian","English","English","English","English","Pohnpeian","Pohnpeian","Pohnpeian","Pohnpeian","Pohnpeian","Pohnpeian","Pohnpeian","Pohnpeian","Pohnpeian","Pohnpeian","Pohnpeian","Pohnpeian","Pohnpeian","Pohnpeian","Pohnpeian","Pohnpeian"
"29","Pohnpeian","English","English","Pohnpeian","English","English","English","Pohnpeian","English","Pohnpeian","English","Pohnpeian","Pohnpeian","Pohnpeian","Pohnpeian","English","Pohnpeian","Pohnpeian","English","English","Pohnpeian","Pohnpeian","Pohnpeian","Chuukese","Chuukese"
"30","Pohnpeian","Pohnpeian","English","Pohnpeian","English","English","Pohnpeian","Pohnpeian","English","Pohnpeian","English","Pohnpeian","Pohnpeian","Pohnpeian","Pohnpeian","English","Pohnpeian","Pohnpeian","English","English","English","Pohnpeian","Pohnpeian","Pohnpeian","English"
"31","English","English","English","English","English","English","English","Pohnpeian","English","Pohnpeian","English","Pohnpeian","Pingelapese","Pingelapese","Pingelapese","Pingelapese","Pohnpeian","Pingelapese","English","English","Pingelapese","Pingelapese","Pingelapese","Pingelapese","Pingelapese"
"32","English","English","English","English","English","English","English","English","English","Pohnpeian","English","Pohnpeian","Mokilese","Pohnpeian","Pohnpeian","English","Pohnpeian","Pohnpeian","English","English","English","Mokilese","Pohnpeian","Pohnpeian","Mokilese"
"33","Pohnpeian","Pohnpeian","Pohnpeian","Pohnpeian","Pohnpeian","Pohnpeian","Pohnpeian","Pohnpeian","Pohnpeian","Pohnpeian","Pohnpeian","Pohnpeian","Pohnpeian","Pohnpeian","Pohnpeian","Pohnpeian","Pohnpeian","Pohnpeian","Pohnpeian","Pohnpeian","Pohnpeian","Pohnpeian","Pohnpeian","Pohnpeian","Pohnpeian"
"34","English","English","English","Pohnpeian","English","English","English","English","English","Pohnpeian","English","Pohnpeian","Pohnpeian","Pohnpeian","Pohnpeian","English","Pohnpeian","Pohnpeian","Pohnpeian","English","English","Pohnpeian","Pohnpeian","Pohnpeian","Pohnpeian"
"35","English","Pohnpeian","English","Pohnpeian","Pohnpeian","English","English","Pohnpeian","English","Pohnpeian","English","English","Pohnpeian","Pohnpeian","Pohnpeian","Pohnpeian","Pohnpeian","Pohnpeian","Pohnpeian","Pohnpeian","Pohnpeian","Pohnpeian","Pohnpeian","Pohnpeian","Pohnpeian"
"36","English","English","English","Pohnpeian","English","English","English","English","English","Pohnpeian","English","Pohnpeian","Pohnpeian","Pohnpeian","Pohnpeian","English","Pohnpeian","Pohnpeian","Pohnpeian","English","English","Pohnpeian","Pohnpeian","Pohnpeian","English"
"37","Pohnpeian","Pohnpeian","English","Pohnpeian","English","English","English","Pohnpeian","English","Pohnpeian","Pohnpeian","Pohnpeian","Pohnpeian","Pohnpeian","Pohnpeian","English","Pohnpeian","Pohnpeian","English","English","Pohnpeian","Pohnpeian","Pohnpeian","Pohnpeian","English"
"38","English","English","English","English","English","English","English","English","English","Pohnpeian","English","Pohnpeian","Pohnpeian","Pohnpeian","Pohnpeian","English","Pohnpeian","Pohnpeian","English","English","Pohnpeian","Pohnpeian","Pohnpeian","Pohnpeian","Pohnpeian"
"39","Pohnpeian","Pohnpeian","English","English","Pohnpeian","English","English","English","English","Pohnpeian","English","Pohnpeian","Pohnpeian","Pohnpeian","Pohnpeian","English","Pohnpeian","Pohnpeian","English","English","English","Pohnpeian","Pohnpeian","Pohnpeian","English"
"40","Pohnpeian","Pohnpeian","Other","Pohnpeian","Pohnpeian","Pohnpeian","Pohnpeian","Pohnpeian","Other","Pohnpeian","Other","Pohnpeian","Pohnpeian","Pohnpeian","Pohnpeian","Pohnpeian","Pohnpeian","Pohnpeian","Pohnpeian","Other","Pohnpeian","Pohnpeian","Pohnpeian","Pohnpeian","Pohnpeian"
"41","English","English","English","Pohnpeian","English","English","English","Pohnpeian","English","Pohnpeian","English","Pohnpeian","Pohnpeian","Pohnpeian","Pohnpeian","English","Pohnpeian","Pohnpeian","Pohnpeian","English","Pohnpeian","Pohnpeian","Pohnpeian","Pohnpeian","Pohnpeian"
"42","Pohnpeian","English","English","Pohnpeian","English","English","English","Pohnpeian","English","Pohnpeian","English","Pohnpeian","Pohnpeian","Pohnpeian","Pohnpeian","English","Pohnpeian","Pohnpeian","Pohnpeian","English","Pohnpeian","Pohnpeian","Pohnpeian","Pohnpeian","English"
"43","Pohnpeian","Pohnpeian","Pohnpeian","Pohnpeian","Pohnpeian","Pohnpeian","Pohnpeian","Pohnpeian","Pohnpeian","Pohnpeian","Pohnpeian","Pohnpeian","Pohnpeian","Pohnpeian","Pohnpeian","Pohnpeian","Pohnpeian","Pohnpeian","Pohnpeian","Pohnpeian","Pohnpeian","Pohnpeian","Pohnpeian","Pohnpeian","Pohnpeian"
"44","English","English","English","Mortlockese","English","English","English","Pohnpeian","English","Pohnpeian","English","Pohnpeian","Pohnpeian","Pohnpeian","Pohnpeian","English","English","Pohnpeian","English","English","English","Mortlockese","Pohnpeian","Mortlockese","Mortlockese"
"45","Pohnpeian","English","English","English","English","English","English","English","English","Pohnpeian","English","Pohnpeian","Pohnpeian","Pohnpeian","Pohnpeian","Kosraean","Pohnpeian","Pohnpeian","English","Kosraean","Kosraean","Kosraean","Kosraean","Kosraean","Kosraean"
"46","English","English","English","Pohnpeian","English","English","English","English","English","English","English","Pohnpeian","Pohnpeian","Pohnpeian","Pohnpeian","English","English","Pohnpeian","English","English","English","Pohnpeian","English","Pohnpeian","English"
"47","Pohnpeian","Pohnpeian","Pohnpeian","Pohnpeian","Pohnpeian","Pohnpeian","Pohnpeian","Pohnpeian","Pohnpeian","Pohnpeian","Pohnpeian","Pohnpeian","Pohnpeian","Pohnpeian","Pohnpeian","Pohnpeian","Pohnpeian","Pohnpeian","Pohnpeian","Pohnpeian","Pohnpeian","Pohnpeian","Pohnpeian","Pohnpeian","Pohnpeian"
"48","Pohnpeian","Pohnpeian","Pohnpeian","Pohnpeian","Pohnpeian","Pohnpeian","Pohnpeian","Pohnpeian","Pohnpeian","Pohnpeian","Pohnpeian","Pohnpeian","Pohnpeian","Pohnpeian","Pohnpeian","Pohnpeian","Pohnpeian","Pohnpeian","Pohnpeian","English","English","Pohnpeian","Pohnpeian","Pohnpeian","Pohnpeian"
"49","English","English","English","Pohnpeian","English","English","English","English","English","Pohnpeian","English","Pohnpeian","Pohnpeian","Pohnpeian","Pohnpeian","English","Pohnpeian","Pohnpeian","Pohnpeian","English","English","Pohnpeian","English","Pohnpeian","Pohnpeian"
"50","Pohnpeian","English","English","Mokilese","English","English","English","Pohnpeian","English","Pohnpeian","English","Pohnpeian","Pohnpeian","Pohnpeian","Pohnpeian","English","Pohnpeian","Pohnpeian","Pohnpeian","English","Pohnpeian","Mokilese","Pohnpeian","Mokilese","Mokilese"
"51","Pohnpeian","English","English","Pohnpeian","English","English","English","English","English","Pohnpeian","English","Pohnpeian","Pohnpeian","Pohnpeian","Pohnpeian","Pohnpeian","Pohnpeian","Pohnpeian","English","English","Pohnpeian","Pohnpeian","Pohnpeian","Pohnpeian","Pohnpeian"
"52","English","Pohnpeian","English","Mokilese","English","English","English","English","English","Pohnpeian","Pohnpeian","Pohnpeian","Pohnpeian","Pohnpeian","Pohnpeian","English","Pohnpeian","Pohnpeian","Pohnpeian","Pohnpeian","Pohnpeian","Mokilese","Pohnpeian","Pohnpeian","Pohnpeian"
"53","English","English","English","English","English","English","English","English","English","English","English","English","English","English","English","English","English","English","English","English","English","English","English","English","English"
"54","Pohnpeian","English","Pohnpeian","Pohnpeian","English","Pohnpeian","Pohnpeian","Pohnpeian","Pohnpeian","English","Pohnpeian","Pohnpeian","Pohnpeian","Pohnpeian","Pohnpeian","Pohnpeian","Pohnpeian","Pohnpeian","Pohnpeian","Pohnpeian","Pohnpeian","Pohnpeian","Pohnpeian","Pohnpeian","Pohnpeian"
"55","Pohnpeian","Pohnpeian","Pohnpeian","Pohnpeian","Pohnpeian","Pohnpeian","Pohnpeian","Pohnpeian","Pohnpeian","Pohnpeian","Pohnpeian","Pohnpeian","Pohnpeian","Pohnpeian","Pohnpeian","Pohnpeian","Pohnpeian","Pohnpeian","Pohnpeian","Pohnpeian","Pohnpeian","Pohnpeian","Pohnpeian","Pohnpeian","Pohnpeian"
"56","Pohnpeian","English","Pohnpeian","English","Pohnpeian","Pohnpeian","Pohnpeian","Pohnpeian","English","English","Pohnpeian","Pohnpeian","Pohnpeian","Pohnpeian","Pohnpeian","Pohnpeian","Pohnpeian","Pohnpeian","Pohnpeian","English","Pohnpeian","Pohnpeian","Pohnpeian","Pohnpeian","Pohnpeian"
"57","Pohnpeian","Pohnpeian","Pohnpeian","Pohnpeian","Pohnpeian","Pohnpeian","Pohnpeian","Pohnpeian","Pohnpeian","Pohnpeian","Pohnpeian","Pohnpeian","Pohnpeian","Pohnpeian","Pohnpeian","Pohnpeian","Pohnpeian","Pohnpeian","Other","Other","Other","Other","Other","Other","Other"
"58","Pohnpeian","English","English","Pohnpeian","English","Pohnpeian","Pohnpeian","Pohnpeian","English","Pohnpeian","Pohnpeian","Pohnpeian","Pohnpeian","Pohnpeian","Pohnpeian","Pohnpeian","English","Pohnpeian","Pohnpeian","Pohnpeian","Pohnpeian","Pohnpeian","Pohnpeian","Pohnpeian","Pohnpeian"
"59","Pohnpeian","Pohnpeian","English","Pohnpeian","English","Pohnpeian","Pohnpeian","Pohnpeian","English","Pohnpeian","Pohnpeian","Pohnpeian","Pohnpeian","Pohnpeian","Pohnpeian","Pohnpeian","Pohnpeian","Pohnpeian","Pohnpeian","Pohnpeian","Pohnpeian","Pohnpeian","Pohnpeian","Pohnpeian","Pohnpeian"
"60","Pohnpeian","Pohnpeian","English","Pohnpeian","English","Pohnpeian","Pohnpeian","English","English","English","Pohnpeian","Pohnpeian","Pohnpeian","Pohnpeian","Pohnpeian","English","Pohnpeian","Pohnpeian","Pohnpeian","Pohnpeian","Pohnpeian","Pohnpeian","Pohnpeian","Pohnpeian","Pohnpeian"
"61","Pohnpeian","Pohnpeian","Pohnpeian","Pohnpeian","Pohnpeian","Pohnpeian","Pohnpeian","Pohnpeian","Pohnpeian","Pohnpeian","Pohnpeian","Pohnpeian","Pohnpeian","Pohnpeian","Pohnpeian","Pohnpeian","Pohnpeian","Pohnpeian","Pohnpeian","Pohnpeian","Pohnpeian","Pohnpeian","Pohnpeian","Pohnpeian","Pohnpeian"
"62","English","English","Pohnpeian","Pohnpeian","Pohnpeian","Pohnpeian","Pohnpeian","Pohnpeian","Pohnpeian","Pohnpeian","English","Pohnpeian","Pohnpeian","Pohnpeian","Pohnpeian","English","Pohnpeian","Pohnpeian","Pohnpeian","Pohnpeian","Pohnpeian","Pohnpeian","Pohnpeian","Pohnpeian","Pohnpeian"
"63","Pohnpeian","Pohnpeian","Pohnpeian","Pohnpeian","Pohnpeian","Pohnpeian","Pohnpeian","Pohnpeian","Pohnpeian","Pohnpeian","Pohnpeian","Pohnpeian","Pohnpeian","Pohnpeian","Pohnpeian","English","Pohnpeian","Pohnpeian","Pohnpeian","Pohnpeian","Pohnpeian","Pohnpeian","Pohnpeian","Pohnpeian","Pohnpeian"
"64","Pohnpeian","Pohnpeian","Pohnpeian","Pohnpeian","Pohnpeian","Pohnpeian","Pohnpeian","Pohnpeian","Pohnpeian","Other","Pohnpeian","Pohnpeian","Pohnpeian","Pohnpeian","Pohnpeian","Pohnpeian","Pohnpeian","Pohnpeian","Pohnpeian","Pohnpeian","Pohnpeian","Pohnpeian","Pohnpeian","Pohnpeian","Pohnpeian"
"65","Pohnpeian","English","English","Pohnpeian","Pohnpeian","Pohnpeian","Pohnpeian","Pohnpeian","Pohnpeian","Pohnpeian","Pohnpeian","Pohnpeian","Pohnpeian","Pohnpeian","Pohnpeian","Pohnpeian","Pohnpeian","Pohnpeian","English","English","Pohnpeian","Pohnpeian","Pohnpeian","Pohnpeian","Pohnpeian"
"66","English","English","English","English","English","English","English","Pohnpeian","English","English","Pohnpeian","Pohnpeian","Pohnpeian","Pohnpeian","Pohnpeian","English","Pohnpeian","Pohnpeian","English","English","English","Pohnpeian","Pohnpeian","Pohnpeian","Pohnpeian"
"67","Pohnpeian","Pohnpeian","Pohnpeian","Pohnpeian","Pohnpeian","English","English","English","English","Pohnpeian","Pohnpeian","Pohnpeian","Pohnpeian","Pohnpeian","Pohnpeian","English","Pohnpeian","Pohnpeian","Pohnpeian","Pohnpeian","Pohnpeian","Pohnpeian","Pohnpeian","Pohnpeian","English"
"68","Pohnpeian","Pohnpeian","English","Pohnpeian","English","Pohnpeian","Pohnpeian","English","English","Pohnpeian","Pohnpeian","Pohnpeian","Pohnpeian","Pohnpeian","Pohnpeian","English","Pohnpeian","Pohnpeian","English","English","Pohnpeian","Pohnpeian","Pohnpeian","Pohnpeian","English"
"69","English","English","English","English","English","English","English","English","English","English","English","English","English","English","English","English","English","English","English","English","English","English","English","English","English"
"70","Pohnpeian","Pohnpeian","English","Pohnpeian","Pohnpeian","Pohnpeian","Pohnpeian","Pohnpeian","Pohnpeian","Pohnpeian","Pohnpeian","Pohnpeian","Pohnpeian","Pohnpeian","Pohnpeian","Pohnpeian","Pohnpeian","Pohnpeian","Pohnpeian","Pohnpeian","Pohnpeian","Pohnpeian","Pohnpeian","Pohnpeian","Pohnpeian"
"71","Pohnpeian","English","Pohnpeian","English","English","English","English","English","English","English","Pohnpeian","Pohnpeian","Pohnpeian","Pohnpeian","Pohnpeian","Pohnpeian","Pohnpeian","Pohnpeian","Pohnpeian","English","Pohnpeian","Pohnpeian","Pohnpeian","Pohnpeian","Pohnpeian"
"72","Pohnpeian","Pohnpeian","Pohnpeian","Pohnpeian","Pohnpeian","Pohnpeian","Pohnpeian","Pohnpeian","English","Pohnpeian","Pohnpeian","Pohnpeian","Pohnpeian","Pohnpeian","Pohnpeian","English","Pohnpeian","Pohnpeian","Pohnpeian","Pohnpeian","Pohnpeian","Pohnpeian","Pohnpeian","Pohnpeian","Pohnpeian"
"73","Pohnpeian","Pohnpeian","English","Pohnpeian","English","English","English","Pohnpeian","English","English","English","Pohnpeian","Pohnpeian","Pohnpeian","Pohnpeian","Pohnpeian","Pohnpeian","Pohnpeian","English","English","Pohnpeian","Pohnpeian","Pohnpeian","Pohnpeian","Pohnpeian"
"74","Pohnpeian","Pohnpeian","Pohnpeian","Pohnpeian","Pohnpeian","Pohnpeian","Pohnpeian","Pohnpeian","English","Pohnpeian","English","Pohnpeian","Pohnpeian","Pohnpeian","Pohnpeian","English","Pohnpeian","Pohnpeian","Pohnpeian","Pohnpeian","Pohnpeian","Pohnpeian","Pohnpeian","Pohnpeian","Pohnpeian"
"75","Pohnpeian","Pohnpeian","Pohnpeian","Pohnpeian","Pohnpeian","Pohnpeian","Pohnpeian","Pohnpeian","Pohnpeian","Pohnpeian","Pohnpeian","Pohnpeian","Pohnpeian","Pohnpeian","Pohnpeian","Pohnpeian","Pohnpeian","Pohnpeian","English","English","Pohnpeian","Pohnpeian","English","Pohnpeian","English"
"76","English","Pohnpeian","Mokilese","Chuukese","Mokilese","Pohnpeian","Pingelapese","Kosraean","Chuukese","Pingelapese","Mortlockese","English","Pohnpeian","Chuukese","Mokilese","Pingelapese","Pohnpeian","Mortlockese","English","Kosraean","Pohnpeian","Mokilese","Chuukese","Pohnpeian","Mokilese"
"77","Pohnpeian","English","English","English","Pohnpeian","Pohnpeian","Pohnpeian","English","English","Pohnpeian","English","Pohnpeian","Pohnpeian","English","English","Pohnpeian","English","Pohnpeian","English","Pohnpeian","Pohnpeian","English","Pohnpeian","English","English"
"78","Pohnpeian","English","Pohnpeian","English","English","English","English","Pohnpeian","English","English","English","Pohnpeian","Pohnpeian","Pohnpeian","Pohnpeian","Pohnpeian","Pohnpeian","Pohnpeian","Pohnpeian","English","Pohnpeian","Pohnpeian","Pohnpeian","Pohnpeian","Pohnpeian"
"79","Pohnpeian","English","Pohnpeian","English","Pohnpeian","Pohnpeian","Pohnpeian","Pohnpeian","English","English","Pohnpeian","Pohnpeian","Pohnpeian","Pohnpeian","Pohnpeian","Pohnpeian","Pohnpeian","Pohnpeian","Pohnpeian","English","Pohnpeian","Pohnpeian","Pohnpeian","Pohnpeian","Pohnpeian"
"80","Pohnpeian","Pohnpeian","Pohnpeian","Pohnpeian","Pohnpeian","English","Pohnpeian","Pohnpeian","English","Pohnpeian","Pohnpeian","Pohnpeian","Pohnpeian","Pohnpeian","Pohnpeian","English","Pohnpeian","Pohnpeian","Pohnpeian","Pohnpeian","Pohnpeian","Pohnpeian","Pohnpeian","Pohnpeian","Pohnpeian"
"81","Pohnpeian","English","English","Pohnpeian","Pohnpeian","Pohnpeian","Pohnpeian","Pohnpeian","English","Pohnpeian","Pohnpeian","Pohnpeian","Pohnpeian","Pohnpeian","Pohnpeian","Pohnpeian","Pohnpeian","Pohnpeian","Pohnpeian","English","Pohnpeian","Pohnpeian","Pohnpeian","Pohnpeian","Pohnpeian"
"82","Pohnpeian","Pohnpeian","Pohnpeian","Pohnpeian","Pohnpeian","Pohnpeian","Pohnpeian","Pohnpeian","Pohnpeian","Pohnpeian","Pohnpeian","Pohnpeian","Pohnpeian","Pohnpeian","Pohnpeian","Pohnpeian","Pohnpeian","Pohnpeian","Pohnpeian","Pohnpeian","Pohnpeian","Pohnpeian","Pohnpeian","Pohnpeian","Pohnpeian"
"83","Pohnpeian","English","Pohnpeian","English","Pohnpeian","English","English","English","English","English","Pohnpeian","Pohnpeian","Pohnpeian","Pohnpeian","Pohnpeian","Pohnpeian","Pohnpeian","Pohnpeian","Pohnpeian","English","Pohnpeian","Pohnpeian","Pohnpeian","Pohnpeian","Pohnpeian"
"84","Mortlockese","English","English","Mortlockese","English","Mortlockese","Mortlockese","Pohnpeian","English","Pohnpeian","Mortlockese","Pohnpeian","Pohnpeian","Pohnpeian","Pohnpeian","Pohnpeian","Pohnpeian","Pohnpeian","Pohnpeian","Pohnpeian","Pohnpeian","Pohnpeian","Pohnpeian","Pohnpeian","Pohnpeian"
"85","Pohnpeian","English","English","Pohnpeian","Pohnpeian","Pohnpeian","Pohnpeian","Pohnpeian","Pohnpeian","Pohnpeian","Pohnpeian","Pohnpeian","Pohnpeian","Pohnpeian","Pohnpeian","Pohnpeian","Pohnpeian","Pohnpeian","Pohnpeian","English","Pohnpeian","Pohnpeian","Pohnpeian","Pohnpeian","Pohnpeian"
"86","Pohnpeian","Pohnpeian","Pohnpeian","Pohnpeian","Pohnpeian","Pohnpeian","Pohnpeian","Pohnpeian","Pohnpeian","Pohnpeian","Pohnpeian","Pohnpeian","Pohnpeian","Pohnpeian","Pohnpeian","Pohnpeian","Pohnpeian","Pohnpeian","Pohnpeian","Pohnpeian","Pohnpeian","Pohnpeian","Pohnpeian","Pohnpeian","Pohnpeian"
"87","Pohnpeian","Pohnpeian","Pohnpeian","Pohnpeian","Pohnpeian","Pohnpeian","Pohnpeian","Pohnpeian","English","Pohnpeian","Pohnpeian","Pohnpeian","Pohnpeian","Pohnpeian","Pohnpeian","Pohnpeian","Pohnpeian","Pohnpeian","Pohnpeian","Pohnpeian","Pohnpeian","Pohnpeian","Pohnpeian","Pohnpeian","Pohnpeian"
"88","Pohnpeian","Other","Other","Pohnpeian","Pohnpeian","Pohnpeian","Other","Pohnpeian","Other","Other","English","Pohnpeian","Other","Other","Pohnpeian","English","Other","Pohnpeian","English","Pohnpeian","Pohnpeian","English","Pohnpeian","Pohnpeian","Other"
"89","Pohnpeian","Pohnpeian","English","Pohnpeian","English","English","Pohnpeian","Pohnpeian","English","English","English","Pohnpeian","Pohnpeian","Pohnpeian","English","Pohnpeian","Pohnpeian","Pohnpeian","Pohnpeian","Pohnpeian","Pohnpeian","Pohnpeian","Pohnpeian","Pohnpeian","Pohnpeian"
"90","Pohnpeian","English","Pohnpeian","English","English","Pohnpeian","Pohnpeian","English","English","Pohnpeian","Pohnpeian","Pohnpeian","Pohnpeian","Pohnpeian","Pohnpeian","Pohnpeian","Pohnpeian","Pohnpeian","Pohnpeian","English","Pohnpeian","Pohnpeian","Pohnpeian","Pohnpeian","Pohnpeian"
"91","Pohnpeian","English","English","Pohnpeian","English","English","Pohnpeian","Pohnpeian","English","Pohnpeian","English","Pohnpeian","Pohnpeian","Pohnpeian","Pohnpeian","English","Pohnpeian","Pohnpeian","English","English","Pohnpeian","English","Pohnpeian","Pohnpeian","English"
"92","English","English","English","English","English","English","English","English","English","English","English","English","English","English","English","English","English","English","English","English","English","English","English","English","English"
"93","Pohnpeian","Pohnpeian","English","English","English","English","English","English","English","Pohnpeian","Pohnpeian","Pohnpeian","Pohnpeian","Pohnpeian","Pohnpeian","English","Pohnpeian","Pohnpeian","Pohnpeian","Pohnpeian","Pohnpeian","Pohnpeian","Pohnpeian","Pohnpeian","Pohnpeian"
"94","Pohnpeian","Pohnpeian","English","Pohnpeian","Pohnpeian","Pohnpeian","Pohnpeian","Pohnpeian","Pohnpeian","Pohnpeian","Pohnpeian","Pohnpeian","Pohnpeian","Pohnpeian","Pohnpeian","Pohnpeian","Pohnpeian","Pohnpeian","Pohnpeian","Pohnpeian","Pohnpeian","Pohnpeian","Pohnpeian","Pohnpeian","Pohnpeian"
"95","Pohnpeian","Pohnpeian","Pohnpeian","Pohnpeian","Pohnpeian","Pohnpeian","Pohnpeian","Pohnpeian","Pohnpeian","Pohnpeian","Pohnpeian","Pohnpeian","Pohnpeian","Pohnpeian","Pohnpeian","Pohnpeian","Pohnpeian","Pohnpeian","Pohnpeian","Pohnpeian","Pohnpeian","Pohnpeian","Pohnpeian","Pohnpeian","Pohnpeian"
"96","Pohnpeian","Pohnpeian","English","Pohnpeian","Pohnpeian","English","English","Pohnpeian","English","Pohnpeian","Pohnpeian","Pohnpeian","Pohnpeian","Pohnpeian","Pohnpeian","Pohnpeian","Pohnpeian","Pohnpeian","Pohnpeian","Pohnpeian","Pohnpeian","Pohnpeian","Pohnpeian","Pohnpeian","Pohnpeian"
"97","Pohnpeian","Pohnpeian","Pohnpeian","Pohnpeian","Pohnpeian","Pohnpeian","Pohnpeian","Pohnpeian","English","Pohnpeian","Pohnpeian","Pohnpeian","Pohnpeian","Pohnpeian","Pohnpeian","Pohnpeian","Pohnpeian","Pohnpeian","Pohnpeian","Pohnpeian","Pohnpeian","Pohnpeian","Pohnpeian","Pohnpeian","Pohnpeian"
"98","Pohnpeian","English","Pohnpeian","English","Pohnpeian","Pohnpeian","Pohnpeian","English","English","Pohnpeian","Pohnpeian","Pohnpeian","Pohnpeian","Pohnpeian","Pohnpeian","Pohnpeian","Pohnpeian","Pohnpeian","English","English","Pohnpeian","Pohnpeian","Pohnpeian","Pohnpeian","Pohnpeian"
"99","English","English","English","Pohnpeian","English","English","English","Pohnpeian","English","English","English","Pohnpeian","Pohnpeian","Pohnpeian","Pohnpeian","English","Pohnpeian","Pohnpeian","English","English","Pohnpeian","Pohnpeian","Pohnpeian","Pohnpeian","Pohnpeian"
"100","Pohnpeian","Pohnpeian","Pohnpeian","Pohnpeian","Pohnpeian","Pohnpeian","Pohnpeian","Pohnpeian","English","Pohnpeian","Pohnpeian","Pohnpeian","Pohnpeian","Pohnpeian","Pohnpeian","Pohnpeian","Pohnpeian","Pohnpeian","Pohnpeian","Pohnpeian","Pohnpeian","Pohnpeian","Pohnpeian","Pohnpeian","Pohnpeian"
"101","Pohnpeian","English","English","Pohnpeian","Pohnpeian","Pohnpeian","Pohnpeian","Pohnpeian","Pohnpeian","Pohnpeian","Pohnpeian","Pohnpeian","Pohnpeian","Pohnpeian","Pohnpeian","Pohnpeian","Pohnpeian","Pohnpeian","Pohnpeian","Pohnpeian","Pohnpeian","Pohnpeian","Pohnpeian","Pohnpeian","Pohnpeian"
"102","Pohnpeian","English","English","Pohnpeian","English","English","Pohnpeian","Pohnpeian","English","Pohnpeian","English","Pohnpeian","Pohnpeian","Pohnpeian","Pohnpeian","Pohnpeian","Pohnpeian","Pohnpeian","English","English","Pohnpeian","Pohnpeian","Pohnpeian","Pohnpeian","Pohnpeian"
"103","Pohnpeian","Pohnpeian","Pohnpeian","Pohnpeian","Pohnpeian","Pohnpeian","Pohnpeian","Pohnpeian","English","Pohnpeian","Pohnpeian","Pohnpeian","Pohnpeian","Pohnpeian","Pohnpeian","English","Pohnpeian","Pohnpeian","Pohnpeian","Pohnpeian","Pohnpeian","Pohnpeian","Pohnpeian","Pohnpeian","Pohnpeian"
"104","Pohnpeian","English","Pohnpeian","Pohnpeian","Kosraean","Pohnpeian","Kosraean","Kosraean","Kosraean","Kosraean","Kosraean","Pohnpeian","Pohnpeian","Pohnpeian","Pohnpeian","Pohnpeian","Pohnpeian","Pohnpeian","Pohnpeian","English","Pohnpeian","Pohnpeian","Pohnpeian","Pohnpeian","Pohnpeian"
"105","Pohnpeian","Pohnpeian","Pohnpeian","Pohnpeian","Pohnpeian","Pohnpeian","Pohnpeian","Pohnpeian","Pohnpeian","Pohnpeian","Pohnpeian","Pohnpeian","Pohnpeian","Pohnpeian","Pohnpeian","Pohnpeian","Pohnpeian","Pohnpeian","Pohnpeian","Pohnpeian","Pohnpeian","Pohnpeian","Pohnpeian","Pohnpeian","Pohnpeian"
"106","Pohnpeian","Pohnpeian","Pohnpeian","Pohnpeian","Pohnpeian","Pohnpeian","Pohnpeian","Pohnpeian","Pohnpeian","Pohnpeian","Pohnpeian","Pohnpeian","Pohnpeian","Pohnpeian","English","Pohnpeian","English","Pohnpeian","Pohnpeian","Pohnpeian","Pohnpeian","Pohnpeian","Pohnpeian","Pohnpeian","Pohnpeian"
"107","Pohnpeian","English","English","Pohnpeian","Pohnpeian","English","Pohnpeian","Pohnpeian","Pohnpeian","Pohnpeian","Pohnpeian","Pohnpeian","Pohnpeian","Pohnpeian","Pohnpeian","Pohnpeian","Pohnpeian","Pohnpeian","Pohnpeian","English","Pohnpeian","Pohnpeian","Pohnpeian","Pohnpeian","Pohnpeian"
"108","Pohnpeian","Pohnpeian","Pohnpeian","Pohnpeian","English","Pohnpeian","Pohnpeian","English","English","English","Pohnpeian","Pohnpeian","Pohnpeian","Pohnpeian","Pohnpeian","Pohnpeian","Pohnpeian","Pohnpeian","English","English","Pohnpeian","Pohnpeian","Pohnpeian","Pohnpeian","Pohnpeian"
"109","Pohnpeian","English","English","Pohnpeian","English","Pohnpeian","Pohnpeian","Pohnpeian","English","Pohnpeian","Pohnpeian","Pohnpeian","Pohnpeian","Pohnpeian","Pohnpeian","Pohnpeian","Pohnpeian","Pohnpeian","Pohnpeian","Pohnpeian","Pohnpeian","Pohnpeian","Pohnpeian","Pohnpeian","Pohnpeian"
"110","Pohnpeian","English","English","Pohnpeian","English","Pohnpeian","Pohnpeian","Pohnpeian","English","Pohnpeian","Pohnpeian","Pohnpeian","Pohnpeian","Pohnpeian","Pohnpeian","English","Pohnpeian","Pohnpeian","Pohnpeian","Pohnpeian","Pohnpeian","Pohnpeian","Pohnpeian","Pohnpeian","Pohnpeian"
"111","Pohnpeian","English","English","Pohnpeian","Pohnpeian","Pohnpeian","Pohnpeian","Pohnpeian","Other","English","Pohnpeian","Pohnpeian","Pohnpeian","Pohnpeian","Pohnpeian","Pohnpeian","Pohnpeian","Pohnpeian","Pohnpeian","Pohnpeian","Pohnpeian","Pohnpeian","Pohnpeian","Pohnpeian","Pohnpeian"
"112","English","Pohnpeian","English","Pohnpeian","Pohnpeian","Pohnpeian","Pohnpeian","Pohnpeian","English","English","Pohnpeian","Pohnpeian","Pohnpeian","Pohnpeian","Pohnpeian","Pohnpeian","Pohnpeian","Pohnpeian","Pohnpeian","Pohnpeian","Pohnpeian","Pohnpeian","Pohnpeian","Pohnpeian","Pohnpeian"
"113","Pohnpeian","English","English","Pohnpeian","Pohnpeian","Pohnpeian","Pohnpeian","Pohnpeian","English","Pohnpeian","Pohnpeian","Pohnpeian","Pohnpeian","Pohnpeian","Pohnpeian","Pohnpeian","Pohnpeian","Pohnpeian","Pohnpeian","Pohnpeian","Pohnpeian","Pohnpeian","Pohnpeian","Pohnpeian","Pohnpeian"
"114","Pohnpeian","English","English","Pohnpeian","English","English","English","Pohnpeian","English","Pohnpeian","Pohnpeian","Pohnpeian","Pohnpeian","Pohnpeian","Pohnpeian","English","Pohnpeian","Pohnpeian","Pohnpeian","English","Pohnpeian","Pohnpeian","Pohnpeian","Pohnpeian","Pohnpeian"
"115","Pohnpeian","Pohnpeian","Pohnpeian","Pohnpeian","Pohnpeian","Pohnpeian","Pohnpeian","Pohnpeian","Pohnpeian","English","Pohnpeian","Pohnpeian","Pohnpeian","Pohnpeian","Pohnpeian","Pohnpeian","Pohnpeian","Pohnpeian","English","English","Pohnpeian","Pohnpeian","Pohnpeian","Pohnpeian","English"
"116","Pohnpeian","Pohnpeian","Pohnpeian","Pohnpeian","Pohnpeian","Pohnpeian","Pohnpeian","Pohnpeian","Pohnpeian","English","Pohnpeian","Pohnpeian","Pohnpeian","Pohnpeian","Pohnpeian","Pohnpeian","Pohnpeian","Pohnpeian","English","English","Pohnpeian","Pohnpeian","Pohnpeian","Pohnpeian","English"
"117","Pohnpeian","Pohnpeian","Pohnpeian","Pohnpeian","English","English","English","Pohnpeian","English","Pohnpeian","Pohnpeian","Pohnpeian","Pohnpeian","Pohnpeian","Pohnpeian","Pohnpeian","Pohnpeian","Pohnpeian","Pohnpeian","English","Pohnpeian","Pohnpeian","Pohnpeian","Pohnpeian","Pohnpeian"
"118","Pohnpeian","Pohnpeian","Pohnpeian","Pohnpeian","Pohnpeian","Pohnpeian","Pohnpeian","Pohnpeian","Pohnpeian","Pohnpeian","Pohnpeian","Pohnpeian","Pohnpeian","Pohnpeian","Pohnpeian","Pohnpeian","Pohnpeian","Pohnpeian","Other","Other","Other","Other","Pohnpeian","Pohnpeian","Pohnpeian"
"119","Pohnpeian","English","English","Pohnpeian","English","Pohnpeian","Pohnpeian","Pohnpeian","English","Pohnpeian","English","Pohnpeian","Pohnpeian","Pohnpeian","Pohnpeian","English","Pohnpeian","Pohnpeian","English","English","English","Pohnpeian","Pohnpeian","Pohnpeian","Pohnpeian"
"120","Pohnpeian","Pohnpeian","Pohnpeian","Pohnpeian","Pohnpeian","Pohnpeian","Pohnpeian","Pohnpeian","Pohnpeian","Pohnpeian","Pohnpeian","Pohnpeian","Pohnpeian","Pohnpeian","Pohnpeian","Pohnpeian","Pohnpeian","Pohnpeian","Pohnpeian","Pohnpeian","Pohnpeian","Pohnpeian","Pohnpeian","Pohnpeian","Pohnpeian"
"121","Pohnpeian","English","Pohnpeian","English","Pohnpeian","Pohnpeian","Pohnpeian","Pohnpeian","Pohnpeian","English","Pohnpeian","Pohnpeian","Pohnpeian","Pohnpeian","Pohnpeian","Pohnpeian","Pohnpeian","Pohnpeian","Pohnpeian","English","Pohnpeian","Pohnpeian","Pohnpeian","Pohnpeian","Pohnpeian"
"122","Pohnpeian","English","English","Pohnpeian","English","Pohnpeian","Pohnpeian","Pohnpeian","English","English","Pohnpeian","Pohnpeian","Pohnpeian","Pohnpeian","Pohnpeian","English","Pohnpeian","Pohnpeian","Pohnpeian","English","Pohnpeian","Pohnpeian","Pohnpeian","Pohnpeian","Pohnpeian"
"123","Pohnpeian","Pohnpeian","Pohnpeian","Pohnpeian","Pohnpeian","Pohnpeian","Pohnpeian","Pohnpeian","Pohnpeian","Pohnpeian","Pohnpeian","Pohnpeian","Pohnpeian","Pohnpeian","Pohnpeian","English","Pohnpeian","Pohnpeian","English","English","English","Pohnpeian","Pohnpeian","Pohnpeian","Pohnpeian"
"124","Pohnpeian","English","Pohnpeian","English","Pohnpeian","English","English","English","English","English","Pohnpeian","Pohnpeian","Pohnpeian","Pohnpeian","Pohnpeian","Pohnpeian","Pohnpeian","Pohnpeian","Pohnpeian","English","Pohnpeian","Pohnpeian","Pohnpeian","Pohnpeian","Pohnpeian"
"125","Pohnpeian","Pohnpeian","Pohnpeian","Pohnpeian","Pohnpeian","Pohnpeian","Pohnpeian","Pohnpeian","Pohnpeian","Pohnpeian","Pohnpeian","Pohnpeian","Pohnpeian","Pohnpeian","Pohnpeian","Pohnpeian","Pohnpeian","Pohnpeian","Pohnpeian","Pohnpeian","Pohnpeian","Pohnpeian","Pohnpeian","Pohnpeian","Pohnpeian"
"126","Pohnpeian","Pohnpeian","Pohnpeian","Pohnpeian","Pohnpeian","Pohnpeian","Pohnpeian","Pohnpeian","Pohnpeian","Pohnpeian","Pohnpeian","Pohnpeian","Pohnpeian","Pohnpeian","Pohnpeian","Pohnpeian","Pohnpeian","Pohnpeian","Pohnpeian","Pohnpeian","Pohnpeian","Pohnpeian","Pohnpeian","Pohnpeian","Pohnpeian"
"127","Pohnpeian","Pohnpeian","Pohnpeian","Pohnpeian","Pohnpeian","Pohnpeian","Pohnpeian","Pohnpeian","Pohnpeian","Pohnpeian","Pohnpeian","Pohnpeian","Pohnpeian","Pohnpeian","Pohnpeian","English","Pohnpeian","Pohnpeian","Pohnpeian","Pohnpeian","English","Pohnpeian","Pohnpeian","Pohnpeian","Pohnpeian"
"128","Pohnpeian","Pohnpeian","Pohnpeian","Pohnpeian","Pohnpeian","Pohnpeian","Pohnpeian","Pohnpeian","Pohnpeian","Pohnpeian","Pohnpeian","Pohnpeian","Pohnpeian","Pohnpeian","Pohnpeian","Other","Pohnpeian","Pohnpeian","Pohnpeian","Pohnpeian","Pohnpeian","Pohnpeian","Pohnpeian","Pohnpeian","Pohnpeian"
"129","English","English","English","English","English","English","English","English","English","English","English","Pohnpeian","Pohnpeian","Pohnpeian","Pohnpeian","English","English","Pohnpeian","English","English","English","English","Pohnpeian","Pohnpeian","English"
"130","Pohnpeian","Pohnpeian","Pohnpeian","Pohnpeian","Pohnpeian","Pohnpeian","Pohnpeian","Pohnpeian","Pohnpeian","Pohnpeian","Pohnpeian","Pohnpeian","Pohnpeian","Pohnpeian","Pohnpeian","Pohnpeian","Pohnpeian","Pohnpeian","Pohnpeian","Pohnpeian","Pohnpeian","Pohnpeian","Pohnpeian","Pohnpeian","Pohnpeian"
"131","Pohnpeian","Pohnpeian","Pohnpeian","Pohnpeian","Pohnpeian","Pohnpeian","Pohnpeian","Pohnpeian","Pohnpeian","Pohnpeian","Pohnpeian","Pohnpeian","Pohnpeian","Pohnpeian","Pohnpeian","Pohnpeian","Pohnpeian","Pohnpeian","Pohnpeian","Pohnpeian","Pohnpeian","Pohnpeian","Pohnpeian","Pohnpeian","Pohnpeian"
"132","Pohnpeian","English","English","English","Pohnpeian","English","English","English","English","English","English","Pohnpeian","Pohnpeian","Pohnpeian","Pohnpeian","English","English","Pohnpeian","English","English","English","Pohnpeian","Pohnpeian","Pohnpeian","English"
"133","Pohnpeian","Pohnpeian","Pohnpeian","Pohnpeian","Pohnpeian","Pohnpeian","Pohnpeian","Pohnpeian","Pohnpeian","Pohnpeian","Pohnpeian","Pohnpeian","Pohnpeian","Pohnpeian","Pohnpeian","Pohnpeian","Pohnpeian","Pohnpeian","Pohnpeian","English","Pohnpeian","Pohnpeian","Pohnpeian","Pohnpeian","Pohnpeian"
"134","Pohnpeian","Pohnpeian","English","Pohnpeian","English","Pohnpeian","Pohnpeian","Pohnpeian","Pohnpeian","Pohnpeian","Pohnpeian","Pohnpeian","Pohnpeian","Pohnpeian","Pohnpeian","Pohnpeian","Pohnpeian","Pohnpeian","Pohnpeian","English","Pohnpeian","Kosraean","Pohnpeian","Pohnpeian","Pohnpeian"
"135","English","English","English","English","English","English","English","English","English","English","English","Pohnpeian","Pohnpeian","Pohnpeian","Pohnpeian","English","Pohnpeian","Pohnpeian","Pohnpeian","Pohnpeian","Pohnpeian","Pohnpeian","Pohnpeian","Pohnpeian","Pohnpeian"
"136","English","English","English","English","English","English","English","English","English","English","English","Pohnpeian","Pohnpeian","Pohnpeian","Pohnpeian","English","Pohnpeian","Pohnpeian","Pohnpeian","Pohnpeian","Pohnpeian","Pohnpeian","Pohnpeian","Pohnpeian","Pohnpeian"
"137","Pohnpeian","Pohnpeian","Pohnpeian","Pohnpeian","Pohnpeian","Pohnpeian","Pohnpeian","Pohnpeian","Pohnpeian","Pohnpeian","Pohnpeian","Pohnpeian","Pohnpeian","Pohnpeian","Pohnpeian","Pohnpeian","Pohnpeian","Pohnpeian","Pohnpeian","Pohnpeian","Pohnpeian","Pohnpeian","Pohnpeian","Pohnpeian","Pohnpeian"
"138","English","Pohnpeian","English","English","English","English","English","English","English","English","English","Pohnpeian","Pohnpeian","Pohnpeian","English","English","English","Pohnpeian","English","English","English","Pohnpeian","Pohnpeian","English","English"
"139","Pohnpeian","English","Pohnpeian","English","Pohnpeian","Pohnpeian","Pohnpeian","Pohnpeian","Pohnpeian","Pohnpeian","Pohnpeian","Pohnpeian","Pohnpeian","Pohnpeian","Pohnpeian","Pohnpeian","Pohnpeian","Pohnpeian","Pohnpeian","English","Pohnpeian","Pohnpeian","Pohnpeian","Pohnpeian","Pohnpeian"
"140","Pohnpeian","English","English","Pohnpeian","English","English","Pohnpeian","Pohnpeian","English","Pohnpeian","English","Pohnpeian","Pohnpeian","Pohnpeian","Pohnpeian","Pohnpeian","Pohnpeian","Pohnpeian","English","English","Pohnpeian","Pohnpeian","Pohnpeian","Pohnpeian","Pohnpeian"
"141","Pohnpeian","Pohnpeian","English","Pohnpeian","Pohnpeian","Pohnpeian","Pohnpeian","Pohnpeian","Pohnpeian","Pohnpeian","Pohnpeian","Mokilese","Pohnpeian","Pohnpeian","Pohnpeian","Pohnpeian","Pohnpeian","Pohnpeian","Pohnpeian","Pohnpeian","Pohnpeian","Pohnpeian","Pohnpeian","Pohnpeian","Pohnpeian"
"142","Pohnpeian","English","Pohnpeian","English","Pohnpeian","Pohnpeian","Pohnpeian","Pohnpeian","English","English","Pohnpeian","Pohnpeian","Pohnpeian","Pohnpeian","Pohnpeian","Pohnpeian","Pohnpeian","Pohnpeian","Pohnpeian","English","Pohnpeian","Pohnpeian","Pohnpeian","Pohnpeian","Pohnpeian"
"143","Pohnpeian","Pohnpeian","Pohnpeian","Pohnpeian","Pohnpeian","Pohnpeian","Pohnpeian","Pohnpeian","Pohnpeian","Pohnpeian","Pohnpeian","Pohnpeian","Pohnpeian","Pohnpeian","Pohnpeian","Pohnpeian","Pohnpeian","Pohnpeian","Pohnpeian","Pohnpeian","Pohnpeian","Pohnpeian","Pohnpeian","Pohnpeian","Pohnpeian"
"144","Pohnpeian","English","Pohnpeian","Pohnpeian","English","Pohnpeian","Pohnpeian","Pohnpeian","English","English","Pohnpeian","Pohnpeian","Pohnpeian","Pohnpeian","Pohnpeian","English","Pohnpeian","Pohnpeian","English","Pohnpeian","Pohnpeian","Pohnpeian","Pohnpeian","Pohnpeian","Pohnpeian"
"145","Pohnpeian","Pohnpeian","Pohnpeian","Pohnpeian","Pohnpeian","Pohnpeian","Pohnpeian","Pohnpeian","Pohnpeian","Pohnpeian","Pohnpeian","Pingelapese","Pingelapese","Pingelapese","Pingelapese","Pingelapese","Pingelapese","Pingelapese","Pohnpeian","Pohnpeian","Pohnpeian","Pohnpeian","Pohnpeian","Pohnpeian","Pohnpeian"
"146","Pohnpeian","Pohnpeian","English","Pohnpeian","Pohnpeian","English","English","Pohnpeian","Pohnpeian","Pohnpeian","English","Pohnpeian","Pohnpeian","English","Pohnpeian","Pohnpeian","Pohnpeian","Pohnpeian","Pohnpeian","Pohnpeian","Pohnpeian","Pohnpeian","Pohnpeian","English","Pohnpeian"
"147","Pohnpeian","Pohnpeian","English","Pohnpeian","Pohnpeian","English","English","English","Pohnpeian","English","English","Pohnpeian","Pohnpeian","Pohnpeian","Pohnpeian","Pohnpeian","Pohnpeian","Pohnpeian","Pohnpeian","Pohnpeian","Pohnpeian","Pohnpeian","Pohnpeian","English","Pohnpeian"
"148","English","English","English","English","English","English","English","English","English","English","English","English","English","English","English","English","English","English","English","English","English","English","English","English","English"
"149","Mortlockese","Mortlockese","Mortlockese","Mortlockese","Mortlockese","Mortlockese","English","Mortlockese","English","English","English","Mortlockese","Mortlockese","Mortlockese","Mortlockese","Pohnpeian","Pohnpeian","Pohnpeian","Mortlockese","Mortlockese","Pohnpeian","Pohnpeian","English","English","Pohnpeian"
"150","Pohnpeian","Pohnpeian","Pohnpeian","Pohnpeian","Pohnpeian","Pohnpeian","Pohnpeian","Pohnpeian","Pohnpeian","Pohnpeian","Pohnpeian","Pohnpeian","Pohnpeian","English","Pohnpeian","Pohnpeian","Pohnpeian","Pohnpeian","Pohnpeian","Pohnpeian","Pohnpeian","Pohnpeian","Pohnpeian","Pohnpeian","Pohnpeian"
"151","Pohnpeian","Pohnpeian","English","Other","English","English","Other","English","English","English","English","Other","Pohnpeian","English","Pohnpeian","Other","Other","Pohnpeian","Pohnpeian","English","Other","Other","Pohnpeian","English","English"
"152","Pohnpeian","Pohnpeian","Pohnpeian","Pohnpeian","English","English","English","Pohnpeian","English","English","English","Pohnpeian","Pohnpeian","Pohnpeian","Pohnpeian","Pohnpeian","Pohnpeian","Pohnpeian","Pohnpeian","English","Pohnpeian","Pohnpeian","Pohnpeian","English","Pohnpeian"
"153","Pohnpeian","Pohnpeian","Pohnpeian","Pohnpeian","Pohnpeian","Pohnpeian","Pohnpeian","Pohnpeian","Pohnpeian","Pohnpeian","Pohnpeian","Pohnpeian","Pohnpeian","Pohnpeian","Pohnpeian","Pohnpeian","Pohnpeian","Pohnpeian","Pohnpeian","Pohnpeian","Pohnpeian","Pohnpeian","Pohnpeian","Pohnpeian","Pohnpeian"
"154","Pohnpeian","English","Pohnpeian","Pohnpeian","English","English","Pohnpeian","English","Pohnpeian","English","English","Pohnpeian","Pohnpeian","Pohnpeian","Pohnpeian","Pohnpeian","Pohnpeian","Pohnpeian","Pohnpeian","Pohnpeian","Pohnpeian","Pohnpeian","Pohnpeian","English","English"
"155","Pohnpeian","Pohnpeian","English","Pohnpeian","English","Pohnpeian","English","Pohnpeian","Pohnpeian","English","English","Pohnpeian","Pohnpeian","English","Pohnpeian","Pohnpeian","Pohnpeian","Pohnpeian","Pohnpeian","Pohnpeian","Pohnpeian","Pohnpeian","Pohnpeian","English","Pohnpeian"
"156","English","English","English","English","English","English","English","English","English","English","English","English","English","English","English","English","English","English","English","English","English","Pohnpeian","Pohnpeian","Pohnpeian","English"
"157","Pohnpeian","English","Pohnpeian","Pohnpeian","Pohnpeian","English","English","English","English","English","English","Pohnpeian","Pohnpeian","Pohnpeian","Pohnpeian","Pohnpeian","Pohnpeian","Pohnpeian","Pohnpeian","English","Pohnpeian","Pohnpeian","Pohnpeian","English","English"
"158","Pohnpeian","English","Pohnpeian","Pohnpeian","English","Pohnpeian","Pohnpeian","Pohnpeian","Pohnpeian","Pohnpeian","English","Pohnpeian","Pohnpeian","Pohnpeian","Pohnpeian","Pohnpeian","Pohnpeian","Pohnpeian","Pohnpeian","Pohnpeian","Pohnpeian","Pohnpeian","Pohnpeian","Pohnpeian","Pohnpeian"
"159","Pohnpeian","English","English","Pohnpeian","Pohnpeian","Pohnpeian","English","Pohnpeian","Pohnpeian","Pohnpeian","English","Pohnpeian","Pohnpeian","Pohnpeian","Pohnpeian","Pohnpeian","Pohnpeian","Pohnpeian","Pohnpeian","Pohnpeian","Pohnpeian","Pohnpeian","Pohnpeian","English","Pohnpeian"
"160","Pohnpeian","Pohnpeian","English","Pohnpeian","Pohnpeian","Pohnpeian","Pohnpeian","Pohnpeian","Pohnpeian","Pohnpeian","Pohnpeian","Pohnpeian","Pohnpeian","English","Pohnpeian","Pohnpeian","Pohnpeian","Pohnpeian","Pohnpeian","Pohnpeian","Pohnpeian","Pohnpeian","Pohnpeian","Pohnpeian","Pohnpeian"
"161","English","Pohnpeian","Pohnpeian","Pohnpeian","English","Pohnpeian","English","Pohnpeian","English","English","English","English","Pohnpeian","English","Pohnpeian","Pohnpeian","Pohnpeian","Pohnpeian","English","English","Pohnpeian","Pohnpeian","English","English","English"
"162","Pohnpeian","English","Pohnpeian","Pohnpeian","Pohnpeian","English","English","Pohnpeian","Pohnpeian","Pohnpeian","English","Pohnpeian","Pohnpeian","English","Pohnpeian","Pohnpeian","Pohnpeian","Pohnpeian","Pohnpeian","Pohnpeian","Pohnpeian","Pohnpeian","Pohnpeian","English","English"
"163","English","Pohnpeian","English","English","Pohnpeian","Pohnpeian","English","Pohnpeian","English","English","English","Pohnpeian","English","English","English","Pohnpeian","English","Pohnpeian","English","English","Pohnpeian","Pohnpeian","English","Pohnpeian","English"
"164","Pohnpeian","English","English","Pohnpeian","Pohnpeian","English","English","Pohnpeian","Pohnpeian","Pohnpeian","Pohnpeian","Pohnpeian","Pohnpeian","English","Pohnpeian","Pohnpeian","Pohnpeian","Pohnpeian","Pohnpeian","Pohnpeian","Pohnpeian","Pohnpeian","Pohnpeian","Pohnpeian","Pohnpeian"
"165","Pohnpeian","Pohnpeian","Pohnpeian","Pohnpeian","Pohnpeian","Pohnpeian","Pohnpeian","Pohnpeian","Pohnpeian","Pohnpeian","Pohnpeian","Pohnpeian","Pohnpeian","Pohnpeian","Pohnpeian","Pohnpeian","Pohnpeian","Pohnpeian","Pohnpeian","Pohnpeian","Pohnpeian","Pohnpeian","Pohnpeian","Pohnpeian","Pohnpeian"
"166","Pohnpeian","Pohnpeian","Pohnpeian","Other","English","Pohnpeian","English","Pohnpeian","English","English","English","Pohnpeian","Pohnpeian","English","Pohnpeian","Pohnpeian","Pohnpeian","Pohnpeian","Pohnpeian","Pohnpeian","Pohnpeian","Pohnpeian","Pohnpeian","Pohnpeian","Pohnpeian"
"167","Pohnpeian","Pohnpeian","Pohnpeian","Pohnpeian","Pohnpeian","Pohnpeian","Other","Pohnpeian","Pohnpeian","Pohnpeian","English","Pohnpeian","Pohnpeian","Pohnpeian","Pohnpeian","Pohnpeian","Pohnpeian","Pohnpeian","Pohnpeian","English","Pohnpeian","Pohnpeian","Pohnpeian","Pohnpeian","English"
"168","Pohnpeian","English","Pohnpeian","Pohnpeian","English","English","English","English","English","English","English","Pohnpeian","Pohnpeian","Pohnpeian","Pohnpeian","Pohnpeian","Pohnpeian","Pohnpeian","Pohnpeian","Pohnpeian","Pohnpeian","Pohnpeian","Pohnpeian","Kosraean","Pohnpeian"
"169","Pohnpeian","English","Pohnpeian","Pohnpeian","English","English","English","English","English","English","English","Pohnpeian","Pohnpeian","Pohnpeian","Pohnpeian","Pohnpeian","Pohnpeian","Pohnpeian","Pohnpeian","Pohnpeian","Pohnpeian","Pohnpeian","Pohnpeian","Pohnpeian","Pohnpeian"
"170","Pohnpeian","English","English","Mokilese","English","English","English","English","English","English","English","Pohnpeian","Pohnpeian","English","Pohnpeian","Pohnpeian","Pohnpeian","Pohnpeian","Pohnpeian","Pohnpeian","Pohnpeian","Pohnpeian","English","English","English"
"171","Pohnpeian","Pohnpeian","Pohnpeian","Pohnpeian","Pohnpeian","Pohnpeian","Pohnpeian","Pohnpeian","Pohnpeian","Pohnpeian","Pohnpeian","Pohnpeian","Pohnpeian","Pohnpeian","Pohnpeian","Pohnpeian","Pohnpeian","Pohnpeian","Pohnpeian","Pohnpeian","Pohnpeian","Pohnpeian","Pohnpeian","Pohnpeian","Pohnpeian"
"172","Pohnpeian","English","Pohnpeian","Pohnpeian","Pohnpeian","English","Pohnpeian","English","Pohnpeian","Pohnpeian","English","Pohnpeian","Pohnpeian","Pohnpeian","Pohnpeian","Pohnpeian","Pohnpeian","Pohnpeian","Pohnpeian","Pohnpeian","Pohnpeian","Pohnpeian","Pohnpeian","English","Pohnpeian"
"173","Pohnpeian","Pohnpeian","English","English","English","English","English","Pohnpeian","English","English","English","Pohnpeian","Pohnpeian","English","Pohnpeian","Pohnpeian","Pohnpeian","Pohnpeian","Pohnpeian","Pohnpeian","Pohnpeian","Pohnpeian","English","English","Pohnpeian"
"174","Pohnpeian","Pohnpeian","Pohnpeian","Pohnpeian","Pohnpeian","Pohnpeian","Pohnpeian","Pohnpeian","Pohnpeian","Pohnpeian","Pohnpeian","Pohnpeian","Pohnpeian","Pohnpeian","Pohnpeian","Pohnpeian","Pohnpeian","Pohnpeian","Pohnpeian","Pohnpeian","Pohnpeian","Pohnpeian","Pohnpeian","Pohnpeian","Pohnpeian"
"175","English","Pohnpeian","English","English","English","Pohnpeian","English","English","English","English","English","Pohnpeian","Pohnpeian","English","Pohnpeian","English","English","Pohnpeian","English","English","Pohnpeian","Pohnpeian","English","English","English"
"176","Pohnpeian","Pohnpeian","Pohnpeian","Pohnpeian","English","Pohnpeian","English","Pohnpeian","English","English","English","English","English","English","English","English","English","English","Pohnpeian","Pohnpeian","Pohnpeian","Pohnpeian","Pohnpeian","English","English"
"177","Pohnpeian","Kosraean","Pohnpeian","Pohnpeian","Kosraean","Kosraean","Kosraean","Kosraean","Kosraean","Kosraean","Kosraean","Pohnpeian","Pohnpeian","Pohnpeian","Pohnpeian","Pohnpeian","Pohnpeian","Pohnpeian","Pohnpeian","Pohnpeian","Pohnpeian","Pohnpeian","Pohnpeian","Pohnpeian","Pohnpeian"
"178","Pohnpeian","Pohnpeian","English","English","English","English","English","English","English","English","English","Pohnpeian","Pohnpeian","English","Pohnpeian","Pohnpeian","Pohnpeian","Pohnpeian","Pohnpeian","Chuukese","Chuukese","Chuukese","Pohnpeian","Chuukese","Chuukese"
"179","Pohnpeian","Pohnpeian","English","Pohnpeian","English","Pohnpeian","English","Pohnpeian","English","English","Pohnpeian","Pohnpeian","Pohnpeian","English","Pohnpeian","Pohnpeian","Pohnpeian","Pohnpeian","English","Pohnpeian","Pohnpeian","Pohnpeian","English","Pohnpeian","Pohnpeian"
"180","Pohnpeian","Pohnpeian","English","Pohnpeian","Pohnpeian","English","English","Pohnpeian","Pohnpeian","English","English","Pohnpeian","Pohnpeian","English","Pohnpeian","Pohnpeian","Pohnpeian","Pohnpeian","Pohnpeian","English","Pohnpeian","Pohnpeian","Pohnpeian","English","English"
"181","Pingelapese","Pohnpeian","English","English","English","English","English","Pohnpeian","English","English","English","Pohnpeian","Pohnpeian","English","Pohnpeian","Pohnpeian","Pingelapese","Pohnpeian","Pohnpeian","Pingelapese","Pohnpeian","Pingelapese","Pingelapese","English","Pingelapese"
"182","Pohnpeian","Pohnpeian","English","Pohnpeian","Pohnpeian","Pohnpeian","Pohnpeian","Pohnpeian","Pohnpeian","Pohnpeian","English","Pohnpeian","Pohnpeian","Pohnpeian","Pohnpeian","Pohnpeian","Pohnpeian","Pohnpeian","Pohnpeian","Pohnpeian","Pohnpeian","Pohnpeian","Pohnpeian","Pohnpeian","Pohnpeian"
"183","Pohnpeian","English","English","Pohnpeian","English","Pohnpeian","Pohnpeian","Pohnpeian","Pohnpeian","Pohnpeian","English","Pohnpeian","Pohnpeian","English","Pohnpeian","Pohnpeian","Pohnpeian","Pohnpeian","English","English","Pohnpeian","Pohnpeian","Pohnpeian","English","English"
"184","Pohnpeian","Pohnpeian","Other","Pohnpeian","Other","Pohnpeian","Other","Other","Other","Other","Other","Pohnpeian","Pohnpeian","Pohnpeian","Pohnpeian","Pohnpeian","Pohnpeian","Pohnpeian","Pohnpeian","Other","Pohnpeian","Pohnpeian","Other","Other","Other"
"185","Pohnpeian","Pohnpeian","Other","Pohnpeian","Other","Pohnpeian","Other","Other","Other","Other","Other","Pohnpeian","Pohnpeian","Pohnpeian","Pohnpeian","Pohnpeian","Pohnpeian","Pohnpeian","Pohnpeian","Other","Pohnpeian","Pohnpeian","Other","Other","Other"
"186","Pohnpeian","English","Pohnpeian","Pohnpeian","Pohnpeian","Pohnpeian","Pohnpeian","Pohnpeian","Pohnpeian","English","English","Pohnpeian","Pohnpeian","Pohnpeian","Pohnpeian","Pohnpeian","Pohnpeian","Pohnpeian","Pohnpeian","Pohnpeian","Pohnpeian","Pohnpeian","Pohnpeian","Pohnpeian","Pohnpeian"
"187","Pohnpeian","Pohnpeian","English","Pohnpeian","Pohnpeian","Pohnpeian","Pohnpeian","English","English","Pohnpeian","Pohnpeian","Pohnpeian","Pohnpeian","Pohnpeian","Pohnpeian","Pohnpeian","Pohnpeian","Pohnpeian","Pohnpeian","Pohnpeian","Pohnpeian","Pohnpeian","Pohnpeian","English","English"
"188","Pohnpeian","Pohnpeian","English","Pohnpeian","Pohnpeian","English","English","Pohnpeian","English","English","English","Pohnpeian","Pohnpeian","Pohnpeian","Pohnpeian","Pohnpeian","Pohnpeian","Pohnpeian","Pohnpeian","Pohnpeian","Pohnpeian","Pohnpeian","Pohnpeian","Pohnpeian","Pohnpeian"
"189","Pohnpeian","Pohnpeian","Pohnpeian","Pohnpeian","Pohnpeian","Pohnpeian","Pohnpeian","Pohnpeian","Pohnpeian","Pohnpeian","Pohnpeian","Pohnpeian","Pohnpeian","English","Pohnpeian","Pohnpeian","Pohnpeian","Pohnpeian","Pohnpeian","Pohnpeian","Pohnpeian","Pohnpeian","Pohnpeian","Pohnpeian","Pohnpeian"
"190","Pohnpeian","Pohnpeian","Pohnpeian","Pohnpeian","English","Pohnpeian","English","Pohnpeian","English","English","Pohnpeian","Pohnpeian","Pohnpeian","Pohnpeian","Pohnpeian","Pohnpeian","Pohnpeian","Pohnpeian","Pohnpeian","Pohnpeian","Pohnpeian","Pohnpeian","Pohnpeian","Pohnpeian","Pohnpeian"
"191","Pohnpeian","Pohnpeian","English","Other","English","English","Other","English","English","English","English","Other","Pohnpeian","English","Pohnpeian","Other","Other","Pohnpeian","Pohnpeian","English","Other","Other","English","English","English"
"192","Pohnpeian","Pohnpeian","Pohnpeian","Pohnpeian","Pohnpeian","Pohnpeian","Pohnpeian","Pohnpeian","Pohnpeian","Pohnpeian","Pohnpeian","Pohnpeian","Pohnpeian","Pohnpeian","Pohnpeian","Pohnpeian","Pohnpeian","Pohnpeian","Pohnpeian","Pohnpeian","Pohnpeian","Pohnpeian","Pohnpeian","Pohnpeian","Pohnpeian"
"193","Pohnpeian","English","Pohnpeian","Pohnpeian","Pohnpeian","English","English","Pohnpeian","Pohnpeian","Pohnpeian","English","Pohnpeian","Pohnpeian","Pohnpeian","Pohnpeian","Pohnpeian","Pohnpeian","Pohnpeian","Pohnpeian","Pohnpeian","Pohnpeian","Pohnpeian","Pohnpeian","Pohnpeian","Pohnpeian"
"194","Pohnpeian","Pohnpeian","Pohnpeian","Pohnpeian","Pohnpeian","Pohnpeian","Pohnpeian","Pohnpeian","Pohnpeian","Pohnpeian","Pohnpeian","Pohnpeian","Pohnpeian","Pohnpeian","Pohnpeian","Pohnpeian","Pohnpeian","Pohnpeian","Other","English","Pohnpeian","Pohnpeian","Pohnpeian","English","Pohnpeian"
"195","Pohnpeian","English","Pohnpeian","English","English","English","Pohnpeian","English","English","English","English","Pohnpeian","Pohnpeian","English","Pohnpeian","Pohnpeian","Pohnpeian","Pohnpeian","Pohnpeian","Pohnpeian","English","Pohnpeian","English","English","English"
"196","Pohnpeian","English","English","Pohnpeian","English","English","English","Pohnpeian","English","English","English","Pohnpeian","Pohnpeian","English","Pohnpeian","Pohnpeian","Pohnpeian","Pohnpeian","Pohnpeian","English","Pohnpeian","Pohnpeian","Pohnpeian","English","English"
"197","English","Pohnpeian","English","Other","English","Pohnpeian","English","English","English","English","Pohnpeian","Pohnpeian","Pohnpeian","English","Pohnpeian","Pohnpeian","Pohnpeian","Pohnpeian","Pohnpeian","English","English","Other","English","English","English"
"198","Pohnpeian","Pohnpeian","Pohnpeian","Pohnpeian","Pohnpeian","Pohnpeian","Pohnpeian","Pohnpeian","Pohnpeian","Pohnpeian","Pohnpeian","Pohnpeian","Pohnpeian","Pohnpeian","Pohnpeian","Pohnpeian","Pohnpeian","Pohnpeian","Pohnpeian","Pohnpeian","Pohnpeian","Pohnpeian","Pohnpeian","Pohnpeian","Pohnpeian"
"199","Mortlockese","Pohnpeian","Pohnpeian","Pohnpeian","Pohnpeian","Pohnpeian","Pohnpeian","Pohnpeian","Pohnpeian","Pohnpeian","Pohnpeian","Pohnpeian","Pohnpeian","English","Pohnpeian","Pohnpeian","Pohnpeian","Pohnpeian","Pohnpeian","Pohnpeian","Pohnpeian","Pohnpeian","Pohnpeian","Pohnpeian","Pohnpeian"
"200","Pohnpeian","Pohnpeian","Pohnpeian","Pohnpeian","Pohnpeian","Pohnpeian","English","Pohnpeian","Pohnpeian","Pohnpeian","Pohnpeian","Pohnpeian","Pohnpeian","Pohnpeian","Pohnpeian","Pohnpeian","Pohnpeian","Pohnpeian","Pohnpeian","Pohnpeian","Pohnpeian","Pohnpeian","Pohnpeian","Pohnpeian","Pohnpeian"
"201","Pohnpeian","Pohnpeian","Pohnpeian","Pohnpeian","Pohnpeian","Pohnpeian","Pohnpeian","Pohnpeian","Pohnpeian","Pohnpeian","Pohnpeian","Pohnpeian","Pohnpeian","English","Pohnpeian","Pohnpeian","Pohnpeian","Pohnpeian","Pohnpeian","Pohnpeian","Pohnpeian","Pohnpeian","Pohnpeian","Pohnpeian","Pohnpeian"
"202","Pohnpeian","Pohnpeian","Pohnpeian","Pohnpeian","Pohnpeian","Pohnpeian","Pohnpeian","Pohnpeian","Pohnpeian","Pohnpeian","Pohnpeian","Pohnpeian","Pohnpeian","Pohnpeian","Pohnpeian","Pohnpeian","Pohnpeian","Pohnpeian","Pohnpeian","Pohnpeian","Pohnpeian","Pohnpeian","Pohnpeian","Pohnpeian","Pohnpeian"
"203","Pohnpeian","Pohnpeian","Pohnpeian","Pohnpeian","Pohnpeian","Pohnpeian","Pohnpeian","Pohnpeian","Pohnpeian","Pohnpeian","Pohnpeian","Pohnpeian","Pohnpeian","Pohnpeian","Pohnpeian","Pohnpeian","Pohnpeian","Pohnpeian","Pohnpeian","Pohnpeian","Pohnpeian","Pohnpeian","Pohnpeian","Pohnpeian","Pohnpeian"
"204","Pohnpeian","Pohnpeian","English","Pohnpeian","English","Pohnpeian","English","Pohnpeian","English","English","English","Pohnpeian","Pohnpeian","English","Pohnpeian","Pohnpeian","Pohnpeian","Pohnpeian","Pohnpeian","Pohnpeian","Pohnpeian","Pohnpeian","English","English","English"
"205","Pohnpeian","Pohnpeian","Mokilese","Pohnpeian","Pohnpeian","Pohnpeian","English","Pohnpeian","Pohnpeian","Pohnpeian","Pohnpeian","Pohnpeian","Pohnpeian","Pohnpeian","Pohnpeian","Pohnpeian","Pohnpeian","Pohnpeian","Pohnpeian","Pohnpeian","Pohnpeian","Pohnpeian","Pohnpeian","Pohnpeian","Pohnpeian"
"206","Pohnpeian","Pohnpeian","Pohnpeian","Pohnpeian","Pohnpeian","Pohnpeian","Pohnpeian","Pohnpeian","Pohnpeian","Pohnpeian","Pohnpeian","Pohnpeian","Pohnpeian","Pohnpeian","Pohnpeian","Pohnpeian","Pohnpeian","Pohnpeian","Pohnpeian","Pohnpeian","Pohnpeian","Pohnpeian","Pohnpeian","Pohnpeian","Pohnpeian"
"207","Pohnpeian","English","Pohnpeian","Pohnpeian","Pohnpeian","Pohnpeian","English","Pohnpeian","Pohnpeian","Pohnpeian","English","Pohnpeian","Pohnpeian","Pohnpeian","Pohnpeian","Pohnpeian","Pohnpeian","Pohnpeian","Pohnpeian","Pohnpeian","Pohnpeian","Pohnpeian","Pohnpeian","Pohnpeian","Pohnpeian"
"208","Pohnpeian","Pohnpeian","English","Pohnpeian","Pohnpeian","Pohnpeian","English","Pohnpeian","English","Pohnpeian","English","Pohnpeian","Pohnpeian","Pohnpeian","Pohnpeian","Pohnpeian","Pohnpeian","Pohnpeian","Pohnpeian","Pohnpeian","Pohnpeian","Pohnpeian","Pohnpeian","Pohnpeian","Pohnpeian"
"209","English","Pohnpeian","English","Pohnpeian","Pohnpeian","Pohnpeian","Pohnpeian","English","English","English","English","Pohnpeian","Pohnpeian","Pohnpeian","Pohnpeian","Pohnpeian","Pohnpeian","Pohnpeian","Pohnpeian","Pohnpeian","Pohnpeian","Pohnpeian","Pohnpeian","English","English"
"210","Pohnpeian","English","Pohnpeian","Pohnpeian","English","English","Pohnpeian","Pohnpeian","Pohnpeian","English","English","Pohnpeian","Pohnpeian","Pohnpeian","Pohnpeian","Pohnpeian","Pohnpeian","Pohnpeian","Pohnpeian","Pohnpeian","Pohnpeian","Pohnpeian","Pohnpeian","English","Pohnpeian"
"211","Pohnpeian","Pohnpeian","Pohnpeian","Pohnpeian","Pohnpeian","Pohnpeian","Pohnpeian","Pohnpeian","Pohnpeian","Pohnpeian","Pohnpeian","Pohnpeian","Pohnpeian","Pohnpeian","Pohnpeian","Pohnpeian","Pohnpeian","Pohnpeian","Pohnpeian","Pohnpeian","Pohnpeian","Pohnpeian","Pohnpeian","Pohnpeian","Pohnpeian"
"212","Pohnpeian","English","Pohnpeian","Pohnpeian","English","English","English","English","English","English","English","Pohnpeian","Pohnpeian","Pohnpeian","Pohnpeian","Pohnpeian","Pohnpeian","Pohnpeian","Pohnpeian","Pohnpeian","Pohnpeian","Pohnpeian","Pohnpeian","English","Pohnpeian"
"213","Pohnpeian","English","English","Pohnpeian","English","English","English","English","English","Pohnpeian","English","Pohnpeian","Pohnpeian","Pohnpeian","Pohnpeian","English","Pohnpeian","Pohnpeian","English","English","Pohnpeian","Pohnpeian","Pohnpeian","Pohnpeian","Pohnpeian"
"214","Other","English","English","Mokilese","English","English","English","English","Other","Pohnpeian","English","Pohnpeian","Pohnpeian","Pohnpeian","Pohnpeian","Mokilese","Pohnpeian","Pohnpeian","English","English","English","Mokilese","Pohnpeian","Mokilese","English"
"215","English","English","English","Kosraean","English","English","English","Kosraean","English","English","English","Kosraean","English","Kosraean","Kosraean","Kosraean","Kosraean","Kosraean","English","English","English","English","English","English","English"
"216","English","English","English","Pohnpeian","English","English","English","English","English","Pohnpeian","English","Pohnpeian","Pohnpeian","Pohnpeian","Pohnpeian","English","English","Pohnpeian","English","English","Pohnpeian","Pohnpeian","English","Pohnpeian","English"
"217","Pohnpeian","English","English","Pohnpeian","English","English","English","Pohnpeian","English","Pohnpeian","English","Pohnpeian","Pohnpeian","Pohnpeian","Pohnpeian","English","Pohnpeian","Pohnpeian","English","English","Pohnpeian","Mortlockese","Pohnpeian","Pohnpeian","Pohnpeian"
"218","English","English","English","Pohnpeian","English","English","English","Pohnpeian","English","Pohnpeian","English","Pohnpeian","Pohnpeian","Pohnpeian","Pohnpeian","English","Pohnpeian","Pohnpeian","English","English","Pohnpeian","Pohnpeian","Pohnpeian","Pohnpeian","English"
"219","English","English","English","English","English","English","English","English","English","Pohnpeian","English","Pohnpeian","Pohnpeian","Pohnpeian","Pohnpeian","English","Pohnpeian","Pohnpeian","English","English","English","Kosraean","English","English","English"
"220","English","English","English","English","English","English","English","Pohnpeian","English","Pohnpeian","English","Pohnpeian","Pohnpeian","Pohnpeian","Pohnpeian","English","Pohnpeian","Pohnpeian","Pohnpeian","English","Pohnpeian","English","Pohnpeian","Pohnpeian","English"
"221","Pohnpeian","Pohnpeian","English","Pohnpeian","Pohnpeian","English","English","Pohnpeian","English","Pohnpeian","English","Pohnpeian","Pohnpeian","Pohnpeian","English","English","Pohnpeian","Pohnpeian","English","English","English","Pohnpeian","Pohnpeian","Pohnpeian","Pohnpeian"
"222","English","English","English","English","English","English","English","English","English","English","English","English","Chuukese","Chuukese","English","English","English","Pohnpeian","English","English","English","Chuukese","English","English","Chuukese"
"223","English","English","English","English","English","English","English","Pohnpeian","English","Pohnpeian","English","Pohnpeian","Pohnpeian","Pohnpeian","Pohnpeian","English","Pohnpeian","Pohnpeian","English","English","Pohnpeian","Pohnpeian","English","Pohnpeian","English"
"224","English","English","English","English","English","English","English","Pohnpeian","English","Pohnpeian","English","Pohnpeian","Pohnpeian","Pohnpeian","Pohnpeian","English","Pohnpeian","Pohnpeian","English","English","Pohnpeian","Pohnpeian","English","Pohnpeian","English"
"225","Pohnpeian","English","English","Pohnpeian","English","English","English","Pohnpeian","English","Pohnpeian","Pohnpeian","Pohnpeian","Pohnpeian","Pohnpeian","Pohnpeian","English","Pohnpeian","Pohnpeian","English","English","Pohnpeian","Pohnpeian","Pohnpeian","Pohnpeian","Pohnpeian"
"226","English","English","English","English","English","English","English","English","English","English","English","Pohnpeian","Pohnpeian","Pohnpeian","Pohnpeian","Pohnpeian","Pohnpeian","Pohnpeian","English","English","English","Pohnpeian","Pohnpeian","English","English"
"227","English","English","English","English","English","English","English","English","English","Pohnpeian","English","Pohnpeian","Pohnpeian","Pohnpeian","English","Pohnpeian","Pohnpeian","Pohnpeian","English","English","English","English","Pohnpeian","Pohnpeian","Pohnpeian"
"228","English","English","English","English","English","English","English","Pohnpeian","English","English","English","Pohnpeian","Pohnpeian","Pohnpeian","Pohnpeian","English","Pohnpeian","Pohnpeian","English","English","Pohnpeian","Mortlockese","Pohnpeian","Mortlockese","English"
"229","English","English","English","Other","English","English","English","English","English","English","English","Pohnpeian","Pohnpeian","Pohnpeian","Pohnpeian","English","English","English","English","English","English","English","English","English","English"
"230","English","English","English","Pohnpeian","English","English","English","Pohnpeian","English","Pohnpeian","English","Pohnpeian","Pohnpeian","Pohnpeian","Pohnpeian","Pohnpeian","Pohnpeian","Pohnpeian","Pohnpeian","English","English","Pohnpeian","Pohnpeian","Pohnpeian","English"
"231","Pohnpeian","Pohnpeian","Pohnpeian","Pohnpeian","Pohnpeian","Pohnpeian","Pohnpeian","Pohnpeian","English","Pohnpeian","Pohnpeian","Pohnpeian","Pohnpeian","Pohnpeian","Pohnpeian","Pohnpeian","Pohnpeian","Pohnpeian","Pohnpeian","Pohnpeian","Pohnpeian","Pohnpeian","Pohnpeian","Pohnpeian","Pohnpeian"
"232","English","English","English","English","English","English","English","English","English","Pohnpeian","English","Pohnpeian","Pohnpeian","Pohnpeian","Pohnpeian","English","English","Pohnpeian","Pohnpeian","English","English","English","English","Pohnpeian","Other"
"233","English","English","English","English","English","English","English","English","English","English","English","Pohnpeian","Pohnpeian","Pohnpeian","Pohnpeian","Pohnpeian","Pohnpeian","Pohnpeian","English","English","English","English","English","English","English"
"234","Pohnpeian","English","English","Pohnpeian","English","Pohnpeian","English","Pohnpeian","English","Pohnpeian","Pohnpeian","Pohnpeian","Pohnpeian","Pohnpeian","Pohnpeian","English","Pohnpeian","Pohnpeian","English","English","Pohnpeian","Pohnpeian","Pohnpeian","Pohnpeian","Pohnpeian"
"235","English","English","English","English","English","English","English","English","English","English","English","Pohnpeian","Pohnpeian","Pohnpeian","Pohnpeian","English","Pohnpeian","Pohnpeian","English","English","English","Pohnpeian","Pohnpeian","Pohnpeian","English"
"236","Pohnpeian","English","English","Mortlockese","English","English","English","Chuukese","English","Pohnpeian","English","Pohnpeian","Pohnpeian","Pohnpeian","Pohnpeian","English","Pohnpeian","Pohnpeian","English","English","Pohnpeian","Mortlockese","English","Mortlockese","Mortlockese"
"237","English","English","English","English","English","English","English","English","English","English","English","Pohnpeian","Pohnpeian","Pohnpeian","Pohnpeian","English","Pohnpeian","Pohnpeian","English","English","English","English","English","Pohnpeian","English"
"238","English","English","English","English","English","English","English","English","English","English","English","Pohnpeian","Pohnpeian","Pohnpeian","Pohnpeian","Pohnpeian","Pohnpeian","Pohnpeian","Pohnpeian","Pohnpeian","Pohnpeian","Pohnpeian","Pohnpeian","English","English"
"239","Pohnpeian","Pohnpeian","Pohnpeian","Pohnpeian","Pohnpeian","English","English","English","Pohnpeian","Pohnpeian","English","Pohnpeian","Pohnpeian","Pohnpeian","Pohnpeian","Pohnpeian","Pohnpeian","Pohnpeian","Pohnpeian","English","English","English","Pohnpeian","Pohnpeian","Pohnpeian"
"240","English","English","English","English","English","English","English","English","English","Pohnpeian","English","Pohnpeian","Pohnpeian","Pohnpeian","Pohnpeian","English","Pohnpeian","Pohnpeian","English","English","English","English","English","English","Pohnpeian"
"241","English","English","English","English","English","English","English","English","English","English","English","Pohnpeian","Pohnpeian","Pohnpeian","Pohnpeian","English","Pohnpeian","Pohnpeian","Pohnpeian","English","English","English","English","English","English"
"242","English","English","English","Pohnpeian","Other","English","English","English","English","Pohnpeian","English","Pohnpeian","Other","Other","Pohnpeian","English","Pohnpeian","Pohnpeian","English","English","English","Pohnpeian","Pohnpeian","Pohnpeian","Other"
"243","English","English","English","English","English","English","English","English","English","Pohnpeian","English","Pohnpeian","Pohnpeian","Pohnpeian","Pohnpeian","English","Pohnpeian","Pohnpeian","English","English","English","English","English","English","Pohnpeian"
"244","Pohnpeian","English","English","Pohnpeian","English","English","English","English","English","Pohnpeian","English","Pohnpeian","Pohnpeian","Pohnpeian","Pohnpeian","English","Pohnpeian","Pohnpeian","English","English","Pohnpeian","Pohnpeian","Pohnpeian","Pohnpeian","Pohnpeian"
"245","Mortlockese","English","English","Mortlockese","English","English","English","English","English","Pohnpeian","English","Pohnpeian","Pohnpeian","Pohnpeian","Pohnpeian","English","Pohnpeian","Pohnpeian","English","English","Pohnpeian","Mortlockese","Mortlockese","Mortlockese","Pohnpeian"
"246","English","English","English","English","English","English","English","English","English","English","English","English","English","English","English","English","English","English","English","English","English","English","English","English","English"
"247","English","English","English","English","English","English","English","English","English","English","English","English","English","English","English","English","English","English","English","English","English","English","English","English","English"
"248","English","English","English","English","English","English","English","English","English","English","English","English","English","English","English","English","English","English","English","English","English","English","English","English","English"
"249","Pohnpeian","English","English","Pohnpeian","English","Pohnpeian","Pohnpeian","Pohnpeian","English","Pohnpeian","English","Pohnpeian","Pohnpeian","Pohnpeian","Pohnpeian","English","English","Pohnpeian","English","English","Pohnpeian","Pohnpeian","Pohnpeian","Pohnpeian","English"
"250","English","English","English","English","English","English","Pohnpeian","English","English","English","English","English","English","Pohnpeian","Pohnpeian","English","Pohnpeian","Pohnpeian","English","English","English","English","English","English","Chuukese"
"251","English","English","English","English","English","English","English","English","English","English","English","Pohnpeian","Pohnpeian","Pohnpeian","Pohnpeian","English","Pohnpeian","Pohnpeian","English","English","English","Pohnpeian","Pohnpeian","Pohnpeian","English"
"252","English","English","English","Pohnpeian","English","Pohnpeian","Pohnpeian","Pohnpeian","English","English","English","Pohnpeian","Pohnpeian","Pohnpeian","Pohnpeian","Pohnpeian","Pohnpeian","Pohnpeian","English","English","English","Pohnpeian","Pohnpeian","Pohnpeian","Pohnpeian"
"253","English","English","English","English","English","English","English","Pohnpeian","English","Pohnpeian","English","Pohnpeian","Pohnpeian","Pohnpeian","Pohnpeian","English","Pohnpeian","Pohnpeian","English","English","English","Pohnpeian","English","Pohnpeian","English"
"254","English","English","English","English","English","English","English","English","English","English","English","Pohnpeian","English","Pohnpeian","Pohnpeian","English","Pohnpeian","Pohnpeian","English","English","English","Kosraean","English","English","English"
"255","English","English","English","Chuukese","English","English","English","English","English","Pohnpeian","English","Pohnpeian","Pohnpeian","Pohnpeian","Pohnpeian","Chuukese","English","Pohnpeian","English","English","English","English","English","English","Chuukese"
"256","Pingelapese","English","English","Pingelapese","Pingelapese","Pingelapese","Pingelapese","Pohnpeian","English","Pohnpeian","English","Pohnpeian","Pohnpeian","Pohnpeian","Pingelapese","Pingelapese","Pingelapese","Pohnpeian","Pohnpeian","English","English","Pingelapese","Pingelapese","Pingelapese","Pingelapese"
"257","English","English","English","English","English","English","English","English","English","Pohnpeian","English","Pohnpeian","Pohnpeian","Pohnpeian","Pohnpeian","English","Pohnpeian","Pohnpeian","English","English","English","Pohnpeian","Pohnpeian","Pohnpeian","English"
"258","English","English","English","English","English","English","English","English","English","Pohnpeian","English","Pohnpeian","English","Pohnpeian","Pohnpeian","English","English","Pohnpeian","English","English","English","English","English","English","English"
"259","English","English","English","Kosraean","English","English","English","English","English","Pohnpeian","English","Pohnpeian","Pohnpeian","Pohnpeian","Pohnpeian","English","Pohnpeian","Pohnpeian","English","English","English","Kosraean","Kosraean","English","English"
"260","Pohnpeian","English","English","Pohnpeian","Pohnpeian","Pohnpeian","Pohnpeian","Pohnpeian","Pohnpeian","Pohnpeian","Pohnpeian","Pohnpeian","Pohnpeian","Pohnpeian","Pohnpeian","Pohnpeian","Pohnpeian","Pohnpeian","Pohnpeian","English","Pohnpeian","Pohnpeian","Pohnpeian","Pohnpeian","Pohnpeian"
"261","English","English","English","Pohnpeian","English","English","English","English","English","Pohnpeian","English","Pohnpeian","Pohnpeian","Pohnpeian","Pohnpeian","English","Pohnpeian","Pohnpeian","Pohnpeian","English","English","Pohnpeian","English","Pohnpeian","English"
"262","English","English","English","English","English","English","English","English","English","English","English","Pohnpeian","Pohnpeian","Pohnpeian","Pohnpeian","English","Pohnpeian","Pohnpeian","English","English","Pohnpeian","Pohnpeian","Pohnpeian","Pohnpeian","Pohnpeian"
"263","English","English","English","English","English","English","English","English","English","English","English","Pohnpeian","Pohnpeian","Pohnpeian","Pohnpeian","Pohnpeian","Pohnpeian","Pohnpeian","English","English","English","Pohnpeian","Pohnpeian","Pohnpeian","English"
"264","English","English","English","Pohnpeian","English","English","English","Pohnpeian","English","Pohnpeian","English","Pohnpeian","Pohnpeian","Pohnpeian","Pohnpeian","English","Pohnpeian","Pohnpeian","English","English","English","Pohnpeian","Pohnpeian","Pohnpeian","Pohnpeian"
"265","English","English","English","English","English","English","English","English","English","English","English","English","English","English","English","English","English","English","English","English","English","English","English","English","English"
"266","English","English","English","Pohnpeian","English","English","English","English","Other","Pohnpeian","English","Pohnpeian","Pohnpeian","Pohnpeian","Pohnpeian","Pohnpeian","Pohnpeian","Pohnpeian","Pohnpeian","English","Pohnpeian","Pohnpeian","Pohnpeian","Pohnpeian","Pohnpeian"
"267","Pohnpeian","English","English","Pohnpeian","English","English","English","Pohnpeian","Pohnpeian","Pohnpeian","English","Pohnpeian","Pohnpeian","Pohnpeian","Pohnpeian","English","Pohnpeian","Pohnpeian","Pohnpeian","English","Pohnpeian","Pohnpeian","Pohnpeian","Pohnpeian","Pohnpeian"
"268","English","English","English","English","English","English","English","English","English","Pohnpeian","English","Pohnpeian","Pohnpeian","Pohnpeian","Pohnpeian","English","Pohnpeian","Pohnpeian","English","English","English","English","Pohnpeian","Pohnpeian","English"
"269","Pohnpeian","English","English","Pohnpeian","English","Pohnpeian","Pohnpeian","Pohnpeian","English","Pohnpeian","English","Pohnpeian","Pohnpeian","Pohnpeian","Pohnpeian","English","Pohnpeian","Pohnpeian","Pohnpeian","English","Pohnpeian","Pohnpeian","Pohnpeian","Pohnpeian","Pohnpeian"
"270","English","English","English","English","English","English","English","English","Other","Pohnpeian","English","Pohnpeian","Pohnpeian","Pohnpeian","Pohnpeian","English","Pohnpeian","Pohnpeian","English","English","English","English","English","English","English"
"271","Pohnpeian","English","English","English","English","English","English","English","English","Pohnpeian","English","Pohnpeian","Pohnpeian","Pohnpeian","Pohnpeian","English","English","Pohnpeian","Pohnpeian","English","English","English","English","English","English"
"272","English","English","English","English","English","English","English","English","English","English","English","English","English","English","English","English","English","English","English","English","English","English","English","English","English"
"273","Pohnpeian","English","English","Pohnpeian","English","English","English","Pohnpeian","English","Pohnpeian","English","Pohnpeian","Pohnpeian","Pohnpeian","Pohnpeian","English","Pohnpeian","Pohnpeian","English","English","Pohnpeian","Pohnpeian","Pohnpeian","Pohnpeian","Pohnpeian"
"274","Pohnpeian","Pohnpeian","Pohnpeian","Pohnpeian","Pohnpeian","Pohnpeian","Pohnpeian","Pohnpeian","Pohnpeian","Pohnpeian","Pohnpeian","Pohnpeian","Pohnpeian","Pohnpeian","Pohnpeian","Pohnpeian","Pohnpeian","Pohnpeian","Pohnpeian","Pohnpeian","Pohnpeian","Pohnpeian","Pohnpeian","Pohnpeian","Pohnpeian"
"275","Kosraean","English","English","Kosraean","English","English","English","English","English","Pohnpeian","English","Pohnpeian","Chuukese","Mokilese","Pohnpeian","English","Pohnpeian","Mortlockese","English","English","English","Kosraean","English","Kosraean","English"
"276","English","English","English","Pingelapese","English","English","English","English","English","Pohnpeian","English","Pohnpeian","Pohnpeian","Pohnpeian","Pohnpeian","English","English","Pohnpeian","English","English","English","Pingelapese","Pohnpeian","Pingelapese","Pingelapese"
"277","Pohnpeian","English","English","Mortlockese","Pohnpeian","English","English","Pohnpeian","English","Pohnpeian","English","Pohnpeian","Pohnpeian","Other","Pohnpeian","English","Pohnpeian","Other","Other","English","Pohnpeian","Mortlockese","Mortlockese","Mortlockese","Mortlockese"
"278","Pohnpeian","English","English","Pohnpeian","Pohnpeian","English","English","Pohnpeian","English","English","English","Pohnpeian","Pohnpeian","Pohnpeian","Pohnpeian","English","Pohnpeian","Pohnpeian","Pohnpeian","English","Pohnpeian","Pohnpeian","English","Pohnpeian","Pohnpeian"
"279","Pohnpeian","Pohnpeian","Pohnpeian","Pohnpeian","Pohnpeian","English","English","Pohnpeian","English","Pohnpeian","Pohnpeian","Pohnpeian","Pohnpeian","Pohnpeian","Pohnpeian","English","Pohnpeian","Pohnpeian","English","Pohnpeian","Pohnpeian","Pohnpeian","Pohnpeian","Pohnpeian","English"
"280","Pohnpeian","Pohnpeian","English","Pohnpeian","English","English","English","English","English","Pohnpeian","English","Pohnpeian","Pohnpeian","Pohnpeian","Pohnpeian","Kosraean","Pohnpeian","Pohnpeian","English","English","English","Pohnpeian","Pohnpeian","Pohnpeian","English"
"281","Pohnpeian","English","English","Mortlockese","English","English","English","English","English","Pohnpeian","English","Pohnpeian","Pohnpeian","Pohnpeian","Pohnpeian","English","Pohnpeian","Pohnpeian","English","English","Pohnpeian","Pohnpeian","Pohnpeian","Pohnpeian","Pohnpeian"
"282","English","English","English","English","English","English","English","English","English","English","English","Pohnpeian","Pohnpeian","Pohnpeian","Pohnpeian","Pohnpeian","Pohnpeian","Pohnpeian","English","English","English","English","English","English","English"
"283","Pohnpeian","English","English","Kosraean","English","English","English","Pohnpeian","English","Pohnpeian","English","Pohnpeian","Pohnpeian","Pohnpeian","Pohnpeian","English","Pohnpeian","Pohnpeian","English","English","English","English","Pohnpeian","Pohnpeian","English"
"284","English","English","English","Mokilese","English","English","English","English","English","English","English","English","English","English","English","Kosraean","English","English","English","English","English","English","English","English","English"
"285","Pohnpeian","Pohnpeian","English","Pohnpeian","Pohnpeian","Pohnpeian","English","English","English","Pohnpeian","Pohnpeian","Pohnpeian","Pohnpeian","Pohnpeian","Pohnpeian","Pohnpeian","Pohnpeian","Pohnpeian","English","English","Pohnpeian","Pohnpeian","Pohnpeian","Pohnpeian","Pohnpeian"
"286","English","English","English","English","English","English","English","Kosraean","English","Pohnpeian","English","Pohnpeian","Pohnpeian","Pohnpeian","Pohnpeian","English","Pohnpeian","Pohnpeian","English","English","English","Kosraean","English","English","English"
"287","Pohnpeian","Pohnpeian","English","English","English","English","English","Pohnpeian","English","Pohnpeian","English","Pohnpeian","Pohnpeian","Pohnpeian","Pohnpeian","Pohnpeian","Pohnpeian","Pohnpeian","Pohnpeian","Pohnpeian","Pohnpeian","Pohnpeian","Pohnpeian","Pohnpeian","Pohnpeian"
"288","Pohnpeian","English","English","English","English","English","English","English","English","English","English","English","English","English","English","English","English","English","English","English","English","English","English","English","English"
"289","Pohnpeian","Pohnpeian","English","Pohnpeian","Pohnpeian","Pohnpeian","Pohnpeian","English","English","Pohnpeian","English","Pohnpeian","Pohnpeian","Pohnpeian","Pohnpeian","English","English","Pohnpeian","Pohnpeian","Pohnpeian","Pohnpeian","Pohnpeian","Pohnpeian","Pohnpeian","Pohnpeian"
"290","English","English","English","English","English","English","English","English","English","Pohnpeian","English","Pohnpeian","Pohnpeian","Pohnpeian","Pohnpeian","English","English","Pohnpeian","English","English","English","English","English","English","Mortlockese"
"291","English","English","English","English","English","English","English","Kosraean","Kosraean","Pohnpeian","English","Pohnpeian","Pohnpeian","Pohnpeian","Pohnpeian","English","Pohnpeian","Pohnpeian","English","English","English","Kosraean","English","English","English"
"292","Pohnpeian","Pohnpeian","English","Pohnpeian","Pohnpeian","English","English","Pohnpeian","English","Pohnpeian","English","Pohnpeian","Pohnpeian","Pohnpeian","Pohnpeian","Pohnpeian","Pohnpeian","Pohnpeian","English","English","English","Pohnpeian","Pohnpeian","Pohnpeian","Pohnpeian"
"293","English","English","English","English","English","English","English","English","English","English","English","Pohnpeian","Pohnpeian","Pohnpeian","Pohnpeian","English","Pohnpeian","Pohnpeian","English","English","Pohnpeian","Pohnpeian","Pohnpeian","Pohnpeian","Pohnpeian"
"294","English","English","English","English","English","English","English","English","English","English","English","Pohnpeian","Pohnpeian","Pohnpeian","Pohnpeian","English","Pohnpeian","Pohnpeian","English","English","English","Pohnpeian","Pohnpeian","Pohnpeian","English"
"295","English","English","English","English","English","English","English","Pohnpeian","English","Pohnpeian","English","Pohnpeian","Pohnpeian","Pohnpeian","Pohnpeian","Pingelapese","Pohnpeian","Pingelapese","Pohnpeian","English","English","Pingelapese","Pohnpeian","Pingelapese","Pingelapese"
"296","Other","Other","Other","Other","Other","English","English","English","English","Pohnpeian","English","Pohnpeian","Pohnpeian","Pohnpeian","Pohnpeian","Other","Other","Pohnpeian","English","Other","Other","English","English","Other","English"
"297","English","English","English","English","English","English","English","English","English","Pohnpeian","English","Pohnpeian","Pohnpeian","Pohnpeian","Pohnpeian","English","Pohnpeian","Pohnpeian","English","English","Pohnpeian","Pohnpeian","Pohnpeian","Pohnpeian","Pohnpeian"
"298","English","English","English","English","English","English","English","English","English","English","English","English","English","English","English","English","English","English","English","English","English","English","English","English","English"
"299","English","English","English","English","English","English","English","English","English","English","English","English","English","English","English","English","English","English","English","English","English","English","English","English","English"
"300","Pohnpeian","English","English","Pohnpeian","Pohnpeian","English","English","Pohnpeian","English","Pohnpeian","English","Pohnpeian","Pohnpeian","Pohnpeian","Pohnpeian","English","Pohnpeian","Pohnpeian","English","English","Pohnpeian","Pohnpeian","Pohnpeian","Pohnpeian","Pohnpeian"
"301","English","English","English","English","English","English","English","English","English","Pohnpeian","English","Pohnpeian","Pohnpeian","Pohnpeian","Pohnpeian","English","English","Pohnpeian","English","English","English","Pohnpeian","Pohnpeian","Chuukese","English"
