college_lang,elementary_lang,family_lang,foreigners_lang,friends_lang,home_lang,hs_lang,school_lang,work_lang
Pohnpeian,Pohnpeian,Pohnpeian,English,Pohnpeian,Pohnpeian,English,Pohnpeian,Pohnpeian
English,Pohnpeian,Pohnpeian,English,Pohnpeian,Pohnpeian,English,English,English
English,Pohnpeian,Pohnpeian,English,Pohnpeian,Pohnpeian,Pohnpeian,Pohnpeian,Pohnpeian
English,Pohnpeian,Pohnpeian,English,Pohnpeian,Pohnpeian,Pohnpeian,Pohnpeian,Pohnpeian
English,Pohnpeian,Pohnpeian,English,Pohnpeian,Pohnpeian,English,Pohnpeian,Pohnpeian
English,Pohnpeian,Pohnpeian,Pohnpeian,Pohnpeian,Pohnpeian,English,Pohnpeian,English
Pohnpeian,Pohnpeian,Pohnpeian,English,Pohnpeian,Pohnpeian,English,Pohnpeian,Pohnpeian
Pohnpeian,Pohnpeian,Pohnpeian,English,Pohnpeian,Pohnpeian,Pohnpeian,Pohnpeian,Pohnpeian
English,Pohnpeian,Pohnpeian,Pohnpeian,Pohnpeian,Pohnpeian,Pohnpeian,Pohnpeian,Pohnpeian
English,Pohnpeian,Pohnpeian,English,Pohnpeian,Pohnpeian,English,Pohnpeian,Pohnpeian
Pohnpeian,English,Pohnpeian,English,Pohnpeian,Pohnpeian,Pohnpeian,Pohnpeian,Pohnpeian
English,Pohnpeian,Pohnpeian,English,Pohnpeian,Pohnpeian,Pohnpeian,Pohnpeian,Pohnpeian
English,Pohnpeian,Pohnpeian,English,Pohnpeian,Pohnpeian,English,Pohnpeian,Pohnpeian
Pohnpeian,Pohnpeian,Pohnpeian,Pohnpeian,Pohnpeian,Pohnpeian,English,Pohnpeian,Pohnpeian
English,Pohnpeian,Pohnpeian,Pohnpeian,Pohnpeian,Pohnpeian,English,Pohnpeian,Pohnpeian
English,Pohnpeian,Pohnpeian,English,Pohnpeian,Pohnpeian,Pohnpeian,Pohnpeian,Pohnpeian
Pohnpeian,Pohnpeian,Pohnpeian,English,Pohnpeian,Pohnpeian,Pohnpeian,Pohnpeian,Pohnpeian
English,Pohnpeian,Pohnpeian,English,Pohnpeian,Pohnpeian,English,Pohnpeian,Pohnpeian
English,Pohnpeian,Pohnpeian,English,Pohnpeian,Pohnpeian,Pohnpeian,Pohnpeian,Pohnpeian
English,Pohnpeian,Pohnpeian,English,Pohnpeian,Pohnpeian,Pohnpeian,Pohnpeian,Pohnpeian
English,Pohnpeian,Pohnpeian,Pohnpeian,Pohnpeian,Pohnpeian,English,Pohnpeian,Pohnpeian
English,Pohnpeian,Pohnpeian,Pohnpeian,Pohnpeian,Pohnpeian,English,Pohnpeian,Pohnpeian
English,Pohnpeian,Pohnpeian,English,Pohnpeian,Pohnpeian,English,Pohnpeian,Pohnpeian
English,Pohnpeian,Pohnpeian,English,Pohnpeian,Pohnpeian,English,Pohnpeian,Pohnpeian
English,Pohnpeian,Pohnpeian,Pohnpeian,Pohnpeian,Pohnpeian,Pohnpeian,Pohnpeian,Pohnpeian
English,Pohnpeian,Pohnpeian,Pohnpeian,Pohnpeian,Pohnpeian,English,Pohnpeian,Pohnpeian
English,Pohnpeian,Pohnpeian,Pohnpeian,Pohnpeian,Pohnpeian,Pohnpeian,Pohnpeian,Pohnpeian
English,Pohnpeian,Pohnpeian,English,Pohnpeian,Pohnpeian,Pohnpeian,Pohnpeian,Pohnpeian
English,Pohnpeian,Pohnpeian,English,Pohnpeian,Pohnpeian,Pohnpeian,Pohnpeian,Pohnpeian
English,Pohnpeian,Pohnpeian,English,Pohnpeian,Pohnpeian,English,Pohnpeian,Pohnpeian
English,English,Pohnpeian,Pohnpeian,Pohnpeian,Pohnpeian,English,Pohnpeian,Pohnpeian
English,Pohnpeian,Pohnpeian,English,Pohnpeian,Pohnpeian,Pohnpeian,Pohnpeian,Pohnpeian
English,Pohnpeian,Pohnpeian,Pohnpeian,Pohnpeian,Pohnpeian,Japanese,Pohnpeian,Pohnpeian
English,Pohnpeian,Pohnpeian,English,Pohnpeian,Pohnpeian,Pohnpeian,Pohnpeian,Pohnpeian
English,English,Pohnpeian,Pohnpeian,Pohnpeian,Pohnpeian,English,Pohnpeian,Pohnpeian
English,Pohnpeian,Pohnpeian,English,Pohnpeian,Pohnpeian,English,Pohnpeian,Pohnpeian
Pohnpeian,Pohnpeian,Pohnpeian,English,Pohnpeian,Pohnpeian,Pohnpeian,Pohnpeian,Pohnpeian
English,Pohnpeian,Pohnpeian,Pohnpeian,Pohnpeian,Pohnpeian,English,Pohnpeian,Pohnpeian
English,Pohnpeian,Pohnpeian,English,Pohnpeian,Pohnpeian,English,Pohnpeian,Pohnpeian
Pohnpeian,English,Pohnpeian,Pohnpeian,Pohnpeian,Pohnpeian,English,Pohnpeian,Pohnpeian
Pohnpeian,Pohnpeian,Pohnpeian,English,Pohnpeian,Pohnpeian,English,English,Pohnpeian
English,Pohnpeian,Pohnpeian,English,Pohnpeian,Pohnpeian,Pohnpeian,Pohnpeian,Pohnpeian
Pohnpeian,Japanese,Pohnpeian,Pohnpeian,Pohnpeian,Pohnpeian,Pohnpeian,Pohnpeian,English
Pohnpeian,English,Pohnpeian,English,English,Pohnpeian,English,Japanese,Pohnpeian
English,English,Pohnpeian,Pohnpeian,Pohnpeian,Pohnpeian,English,Pohnpeian,Pohnpeian
English,English,Pohnpeian,Pohnpeian,Pohnpeian,Pohnpeian,English,Pohnpeian,Pohnpeian
English,Pohnpeian,Pohnpeian,English,Pohnpeian,Pohnpeian,English,Pohnpeian,Pohnpeian
English,Pohnpeian,Pohnpeian,English,Pohnpeian,Pohnpeian,Pohnpeian,Pohnpeian,Pohnpeian
English,Pohnpeian,Pohnpeian,Pohnpeian,Pohnpeian,Pohnpeian,English,Pohnpeian,Pohnpeian
English,Pohnpeian,Pohnpeian,English,English,Pohnpeian,English,English,Pohnpeian
English,Pohnpeian,Pohnpeian,English,Pohnpeian,Pohnpeian,English,Pohnpeian,English
English,English,Pohnpeian,Pohnpeian,Pohnpeian,Pohnpeian,English,Pohnpeian,English
English,Pohnpeian,Pohnpeian,English,Pohnpeian,Pohnpeian,Pohnpeian,English,Mortlockese
English,Pohnpeian,Pohnpeian,English,Pohnpeian,Pohnpeian,English,Pohnpeian,English
English,Pohnpeian,Pohnpeian,Pohnpeian,Pohnpeian,Pohnpeian,Pohnpeian,Pohnpeian,Pohnpeian
English,Pohnpeian,Pohnpeian,English,Pohnpeian,Pohnpeian,English,Pohnpeian,Pohnpeian
English,Pohnpeian,Pohnpeian,English,Pohnpeian,Pohnpeian,Pohnpeian,Pohnpeian,Pohnpeian
English,Pohnpeian,Pohnpeian,Mortlockese,Pohnpeian,Pohnpeian,Pohnpeian,Pohnpeian,Pohnpeian
English,Mortlockese,Pohnpeian,English,Pohnpeian,Pohnpeian,English,Pohnpeian,Pohnpeian
English,Pohnpeian,Mortlockese,English,Mortlockese,Mortlockese,Pohnpeian,Mortlockese,Pohnpeian
English,Pohnpeian,Pohnpeian,English,Pohnpeian,Pohnpeian,English,Pohnpeian,Pohnpeian
English,Pohnpeian,Pohnpeian,Pohnpeian,Pohnpeian,Pohnpeian,English,Pohnpeian,Pohnpeian
English,Pohnpeian,Pohnpeian,English,Pohnpeian,Pohnpeian,English,Pohnpeian,Pohnpeian
English,Pohnpeian,Pohnpeian,Pohnpeian,Pohnpeian,Pohnpeian,Pohnpeian,Pohnpeian,Pohnpeian
English,Pohnpeian,Pohnpeian,English,Pohnpeian,Pohnpeian,English,Pohnpeian,Pohnpeian
English,Pohnpeian,Pohnpeian,English,Pohnpeian,Pohnpeian,English,Pohnpeian,Pohnpeian
English,Pohnpeian,Pohnpeian,English,Pohnpeian,Pohnpeian,English,Pohnpeian,Pohnpeian
English,Pohnpeian,Pohnpeian,English,Pohnpeian,Pohnpeian,English,Pohnpeian,Pohnpeian
English,Pohnpeian,Pohnpeian,Pohnpeian,Pohnpeian,Pohnpeian,English,Pohnpeian,Pohnpeian
English,Pohnpeian,Pohnpeian,Pohnpeian,Pohnpeian,Pohnpeian,English,Pohnpeian,Pohnpeian
Tagalog,Pohnpeian,Pohnpeian,Pohnpeian,Pohnpeian,Pohnpeian,Pohnpeian,Pohnpeian,English
English,Pohnpeian,Pohnpeian,English,Pohnpeian,Pohnpeian,English,Pohnpeian,English
English,Pohnpeian,Pohnpeian,Pohnpeian,Pohnpeian,Pohnpeian,English,Pohnpeian,Pohnpeian
English,Pohnpeian,Pohnpeian,Pohnpeian,Pohnpeian,Pohnpeian,English,English,Pohnpeian
Pohnpeian,Pohnpeian,Pohnpeian,English,Pohnpeian,Pohnpeian,English,Pohnpeian,Pohnpeian
English,Pohnpeian,Pohnpeian,English,Pohnpeian,Pohnpeian,Pohnpeian,Pohnpeian,Pohnpeian
English,Pohnpeian,Pohnpeian,English,English,Pohnpeian,Pohnpeian,Pohnpeian,English
Pohnpeian,Pohnpeian,Pohnpeian,English,Pohnpeian,Pohnpeian,English,Pohnpeian,Pohnpeian
Pohnpeian,Pohnpeian,Pohnpeian,Pohnpeian,Pohnpeian,Pohnpeian,English,English,Pohnpeian
English,Pohnpeian,Pohnpeian,English,Pohnpeian,Pohnpeian,English,Pohnpeian,Pohnpeian
English,Pohnpeian,Pohnpeian,English,Pohnpeian,Pohnpeian,English,Pohnpeian,Pohnpeian
English,Pohnpeian,Pohnpeian,Pohnpeian,Pohnpeian,Pohnpeian,English,Pohnpeian,English
English,Pohnpeian,Pohnpeian,English,Pohnpeian,Pohnpeian,Pohnpeian,Pohnpeian,Pohnpeian
English,Pohnpeian,Pohnpeian,English,Pohnpeian,Pohnpeian,English,Pohnpeian,Pohnpeian
English,English,Pohnpeian,English,Pohnpeian,Pohnpeian,English,English,Pohnpeian
English,Pohnpeian,Pohnpeian,Pohnpeian,Pohnpeian,Pohnpeian,English,Pohnpeian,Pohnpeian
Tagalog,Pohnpeian,Mwokilese,Pohnpeian,Pohnpeian,Pohnpeian,English,English,Pohnpeian
English,Pohnpeian,Pohnpeian,English,Pohnpeian,Pohnpeian,English,Pohnpeian,Pohnpeian
English,Pohnpeian,Pohnpeian,English,Pohnpeian,Pohnpeian,English,Pohnpeian,Pohnpeian
English,Pohnpeian,Pohnpeian,English,Pohnpeian,Pohnpeian,English,English,Pohnpeian
English,Pohnpeian,Pohnpeian,English,Pohnpeian,Pohnpeian,Pohnpeian,Pohnpeian,Pohnpeian
English,Pohnpeian,Pohnpeian,English,Pohnpeian,Pohnpeian,English,Pohnpeian,Pohnpeian
English,Pohnpeian,Ngatikese,Pohnpeian,Ngatikese,Pohnpeian,English,Pohnpeian,Pohnpeian
English,Pohnpeian,Pohnpeian,English,Pohnpeian,Pohnpeian,English,Pohnpeian,Pohnpeian
English,Ngatikese,Ngatikese,English,Ngatikese,Pohnpeian,English,Pohnpeian,Pohnpeian
English,Pohnpeian,Pohnpeian,English,Pohnpeian,Pohnpeian,English,Pohnpeian,Pohnpeian
English,Pohnpeian,Pohnpeian,Pohnpeian,Pohnpeian,Pohnpeian,English,English,Pohnpeian
English,Pohnpeian,Pohnpeian,Pohnpeian,Pohnpeian,Pohnpeian,Pohnpeian,Pohnpeian,English
English,Pohnpeian,Pohnpeian,English,Pohnpeian,Pohnpeian,English,Pohnpeian,Pohnpeian
English,Pohnpeian,Pohnpeian,English,Pohnpeian,Pohnpeian,English,Pohnpeian,Pohnpeian
English,Pohnpeian,Pohnpeian,English,Pohnpeian,Pohnpeian,English,Pohnpeian,English
English,Pohnpeian,Pohnpeian,English,Pohnpeian,Pohnpeian,English,Pohnpeian,Pohnpeian
Finnish,Pohnpeian,Pohnpeian,Pohnpeian,Pohnpeian,Pohnpeian,Pohnpeian,Pohnpeian,Pohnpeian
English,Pohnpeian,Pohnpeian,Pohnpeian,Pohnpeian,Pohnpeian,Pohnpeian,Pohnpeian,Pohnpeian
English,English,Pohnpeian,English,Pohnpeian,Pohnpeian,Pohnpeian,Pohnpeian,Pohnpeian
English,Pohnpeian,Pohnpeian,English,Pohnpeian,Pohnpeian,English,Pohnpeian,Pohnpeian
English,Pohnpeian,Pohnpeian,Pohnpeian,Pohnpeian,Pohnpeian,Pohnpeian,Pohnpeian,Pohnpeian
English,Pohnpeian,Pohnpeian,English,Pohnpeian,Pohnpeian,Pohnpeian,Pohnpeian,English
English,Pohnpeian,Pohnpeian,English,Pohnpeian,Pohnpeian,Pohnpeian,English,Pohnpeian
English,English,Pohnpeian,English,Pohnpeian,Pohnpeian,Pohnpeian,Pohnpeian,Pohnpeian
English,Pohnpeian,Pohnpeian,English,Pohnpeian,Pohnpeian,Pohnpeian,Pohnpeian,Pohnpeian
English,English,Pohnpeian,English,Pohnpeian,Pohnpeian,Pohnpeian,Pohnpeian,Pohnpeian
English,Pohnpeian,Japanese,English,Pohnpeian,Pohnpeian,Pohnpeian,Pohnpeian,Pohnpeian
English,English,Pohnpeian,Pohnpeian,Pohnpeian,Pohnpeian,Yapese,Pohnpeian,Pohnpeian
English,Pohnpeian,Pohnpeian,English,Pohnpeian,Pohnpeian,English,Pohnpeian,English
English,Pohnpeian,Pohnpeian,English,Pohnpeian,Pohnpeian,English,Pohnpeian,English
English,English,Pohnpeian,Pohnpeian,Pohnpeian,Pohnpeian,English,English,Pohnpeian
English,Pohnpeian,Pohnpeian,Pohnpeian,Pohnpeian,Pohnpeian,English,Pohnpeian,Pohnpeian
English,Pohnpeian,Pohnpeian,English,Pohnpeian,Pohnpeian,English,Pohnpeian,Pohnpeian
English,Pohnpeian,Pohnpeian,English,Pohnpeian,Pohnpeian,English,English,English
English,Pohnpeian,Pohnpeian,English,Pohnpeian,Pohnpeian,Pohnpeian,Pohnpeian,Pohnpeian
English,English,Pohnpeian,English,Pohnpeian,Pohnpeian,English,English,Pohnpeian
English,Pohnpeian,Pohnpeian,English,Pohnpeian,Pohnpeian,English,Pohnpeian,Pohnpeian
English,English,Pohnpeian,English,Pohnpeian,Pohnpeian,English,English,Pohnpeian
English,Pohnpeian,Pohnpeian,English,Pohnpeian,Pohnpeian,English,Pohnpeian,Pohnpeian
English,Pohnpeian,Pohnpeian,English,Pohnpeian,Pohnpeian,English,Pohnpeian,Pohnpeian
English,English,Pohnpeian,Pohnpeian,Pohnpeian,Pohnpeian,English,English,Pohnpeian
English,English,Pohnpeian,English,Pohnpeian,Pohnpeian,English,Pohnpeian,English
English,English,Kapingamarangi,English,Pohnpeian,Pohnpeian,English,English,Pohnpeian
English,English,Kapingamarangi,English,Pohnpeian,Pohnpeian,English,English,Pohnpeian
English,Pohnpeian,Pingelapese,English,Kapingamarangi,Kapingamarangi,English,Pohnpeian,Pohnpeian
Kosraean,English,Kapingamarangi,English,Pohnpeian,Pingelapese,English,English,Pohnpeian
English,Pohnpeian,Pohnpeian,English,Kapingamarangi,Kapingamarangi,English,English,Pohnpeian
English,Pohnpeian,Pohnpeian,English,Pohnpeian,Pohnpeian,English,English,Pohnpeian
English,Pohnpeian,Pohnpeian,English,English,Pohnpeian,Pohnpeian,Pohnpeian,Pohnpeian
English,Pohnpeian,Pohnpeian,English,Pohnpeian,Pohnpeian,English,Pohnpeian,Pohnpeian
English,Pohnpeian,English,English,Pohnpeian,Pohnpeian,English,Pohnpeian,Pohnpeian
English,English,Mwokilese,English,Pohnpeian,Pohnpeian,Finnish,English,Pohnpeian
English,Pohnpeian,Pohnpeian,English,Mwokilese,Mwokilese,English,Pohnpeian,Pohnpeian
English,Pohnpeian,Pohnpeian,Pohnpeian,Pohnpeian,Pohnpeian,English,Pohnpeian,Pohnpeian
English,Pohnpeian,Pohnpeian,English,Pohnpeian,Pohnpeian,English,Pohnpeian,Pohnpeian
English,Pohnpeian,Pohnpeian,English,Pohnpeian,Pohnpeian,Pohnpeian,Pohnpeian,English
English,Pohnpeian,Pohnpeian,English,Pohnpeian,Pohnpeian,English,Pohnpeian,English
English,Pohnpeian,Pohnpeian,English,Pohnpeian,Pohnpeian,English,Pohnpeian,English
Pohnpeian,English,Pohnpeian,English,Pohnpeian,Pohnpeian,English,Pohnpeian,English
English,English,Pohnpeian,English,Pohnpeian,Pohnpeian,English,Pohnpeian,Pohnpeian
English,Mortlockese,Mortlockese,English,Pohnpeian,Pohnpeian,English,Mortlockese,English
English,Pohnpeian,Pohnpeian,English,Mortlockese,Mortlockese,English,Pohnpeian,English
English,Pohnpeian,Pohnpeian,English,Pohnpeian,Pohnpeian,English,Pohnpeian,Tagalog
English,English,Pohnpeian,Pohnpeian,Pohnpeian,Pohnpeian,English,Pohnpeian,English
Pohnpeian,Pohnpeian,Pohnpeian,Pohnpeian,Pohnpeian,Pohnpeian,English,Pohnpeian,Pohnpeian
English,Pohnpeian,Pohnpeian,Pohnpeian,Pohnpeian,Pohnpeian,English,Pohnpeian,English
English,Pohnpeian,Pohnpeian,Pohnpeian,Pohnpeian,Pohnpeian,English,Pohnpeian,English
English,Pohnpeian,Pohnpeian,Pohnpeian,Pohnpeian,Pohnpeian,English,Pohnpeian,Pohnpeian
English,Pohnpeian,Pohnpeian,Pohnpeian,Pohnpeian,Pohnpeian,English,Pohnpeian,English
English,Pohnpeian,Pohnpeian,Pohnpeian,Pohnpeian,Pohnpeian,English,Pohnpeian,English
English,Pohnpeian,Pohnpeian,Pohnpeian,Pohnpeian,Pohnpeian,English,Pohnpeian,English
English,Pohnpeian,Pohnpeian,English,Pohnpeian,Pohnpeian,English,Pohnpeian,English
English,English,Yapese,English,Pohnpeian,Pohnpeian,English,English,English
English,English,Tagalog,English,English,Yapese,Pohnpeian,English,English
English,Mwokilese,Mwokilese,English,Tagalog,Tagalog,English,English,Pohnpeian
English,English,Pohnpeian,English,English,Mwokilese,English,English,English
English,English,Ilonggo,English,Pohnpeian,Pohnpeian,English,Bisaya,English
English,English,Mwokilese,English,Tagalog,English,English,Pohnpeian,English
English,Pohnpeian,Pohnpeian,English,Pohnpeian,Mwokilese,English,English,English
English,Pohnpeian,Pohnpeian,English,Pohnpeian,Pohnpeian,Pohnpeian,Pohnpeian,English
English,English,Tagalog,English,Pohnpeian,Pohnpeian,English,Tagalog,Pohnpeian
English,English,Yapese,English,Tagalog,Tagalog,English,English,Pohnpeian
English,English,Pohnpeian,English,English,Yapese,English,English,English
English,Pohnpeian,Pohnpeian,English,Pohnpeian,English,English,Pohnpeian,English
English,English,English,English,Pohnpeian,Pohnpeian,English,English,English
English,English,English,English,Pohnpeian,Pohnpeian,English,English,English
English,English,English,English,Pohnpeian,English,English,English,Pohnpeian
Urdu,English,English,English,English,English,English,English,Pohnpeian
English,English,English,English,English,English,Chuukese,Pohnpeian,English
English,English,English,English,English,English,English,English,English
English,Pohnpeian,Pohnpeian,English,English,English,Pohnpeian,English,English
English,English,Chuukese,English,Pohnpeian,Chuukese,English,Pohnpeian,English
English,Pohnpeian,Pohnpeian,English,English,Pohnpeian,English,Pohnpeian,English
English,English,Pohnpeian,English,Pohnpeian,Pohnpeian,English,English,Pohnpeian
English,English,Pohnpeian,English,Pohnpeian,Pohnpeian,English,English,Pohnpeian
English,English,Pohnpeian,English,Pohnpeian,Pohnpeian,Pohnpeian,English,English
English,Finnish,Finnish,English,English,English,Pohnpeian,Pohnpeian,Pohnpeian
English,English,English,English,Finnish,English,English,Mortlockese,English
English,Chuukese,Chuukese,English,English,Chuukese,English,Pingelapese,Pohnpeian
English,English,Pohnpeian,English,English,Pohnpeian,Pohnpeian,English,English
English,Pingelapese,Pingelapese,English,Pohnpeian,Pingelapese,English,Pohnpeian,English
English,English,Japanese,English,Pingelapese,English,English,English,English
English,English,Pohnpeian,English,English,Pohnpeian,Pohnpeian,English,English
English,English,English,English,Pohnpeian,English,English,English,English
English,Pohnpeian,Pohnpeian,English,English,Pohnpeian,English,English,Pohnpeian
English,Pohnpeian,Pohnpeian,English,Pohnpeian,Pohnpeian,English,English,English
English,Pohnpeian,Mortlockese,English,Pohnpeian,Mortlockese,Ulithian,English,Kosraean
English,Pohnpeian,Pingelapese,English,Mortlockese,Pingelapese,English,English,English
English,English,Mwokilese,English,Pingelapese,Mwokilese,English,Pohnpeian,English
English,English,Pohnpeian,English,English,Pohnpeian,English,English,English
English,Pohnpeian,Pohnpeian,English,Pohnpeian,Pohnpeian,Pohnpeian,English,English
English,English,Pohnpeian,English,Pohnpeian,English,English,English,English
English,English,English,English,Pohnpeian,English,English,English,English
English,English,English,English,English,English,English,English,English
English,English,Pohnpeian,English,English,Pohnpeian,English,English,English
English,Pohnpeian,Pohnpeian,English,English,Pohnpeian,English,Pohnpeian,English
English,English,Pohnpeian,English,Pohnpeian,Pohnpeian,English,English,Pohnpeian
English,English,Pohnpeian,English,Pohnpeian,Pohnpeian,English,English,Pohnpeian
English,Pohnpeian,Pohnpeian,English,English,Pohnpeian,English,English,English
English,English,Pohnpeian,English,Pohnpeian,Pohnpeian,English,English,Pohnpeian
English,Mortlockese,Mortlockese,English,English,Mortlockese,English,Pohnpeian,English
English,English,English,English,Mortlockese,English,English,English,English
English,English,Pohnpeian,English,English,Pohnpeian,English,English,Pohnpeian
Japanese,Pohnpeian,Pohnpeian,English,Pohnpeian,Pohnpeian,English,English,English
English,Pohnpeian,Pohnpeian,Pohnpeian,Pohnpeian,English,English,English,English
English,Pohnpeian,Pohnpeian,English,English,Pohnpeian,English,English,English
English,English,Mwokilese,English,Pohnpeian,Mwokilese,English,Mortlockese,Pohnpeian
English,English,Kosraean,English,Pohnpeian,Kosraean,Pohnpeian,Pohnpeian,English
Tagalog,English,Pohnpeian,English,Kosraean,Pohnpeian,English,English,English
English,Pohnpeian,Chuukese,English,English,Chuukese,English,English,Kosraean
Pohnpeian,Pohnpeian,Pohnpeian,English,Pohnpeian,English,English,Pohnpeian,Pohnpeian
English,English,English,English,Pohnpeian,English,Pohnpeian,Pohnpeian,English
English,English,English,English,English,English,English,English,English
Pohnpeian,Pohnpeian,Pohnpeian,English,English,Pohnpeian,Pohnpeian,English,English
Tagalog,Chuukese,Chuukese,English,English,Chuukese,Urdu,English,Kosraean
English,Pohnpeian,Pohnpeian,English,English,Pohnpeian,English,Chuukese,English
Pohnpeian,Pohnpeian,Mortlockese,English,Pohnpeian,Mortlockese,English,English,English
Pohnpeian,English,English,English,Pohnpeian,English,English,Pohnpeian,English
Pohnpeian,English,Pohnpeian,English,English,Pohnpeian,English,Pohnpeian,English
Pohnpeian,English,Chuukese,English,Pohnpeian,Chuukese,English,English,Pohnpeian
Tagalog,English,Tagalog,English,Pohnpeian,Tagalog,Pohnpeian,English,Pohnpeian
,Pohnpeian,Pohnpeian,English,Tagalog,Pohnpeian,English,English,English
,Pohnpeian,Pohnpeian,English,Pohnpeian,Pohnpeian,English,English,Pohnpeian
,English,English,English,Pohnpeian,English,English,English,Pohnpeian
,Kosraean,Kosraean,English,English,Kosraean,Pohnpeian,Pohnpeian,English
,Pohnpeian,Pohnpeian,English,Kosraean,Pohnpeian,English,Yapese,English
,Mortlockese,Pohnpeian,English,Pohnpeian,Pohnpeian,English,English,English
,English,Chuukese,Pohnpeian,Pohnpeian,Chuukese,Kosraean,English,English
,Pohnpeian,Pohnpeian,English,Chuukese,Pohnpeian,Pohnpeian,English,English
,English,Pohnpeian,English,Pohnpeian,Pohnpeian,English,English,English
,Pohnpeian,English,English,Pohnpeian,Pohnpeian,English,Pohnpeian,English
,English,Ulithian,English,Pohnpeian,English,English,Pohnpeian,Pohnpeian
,Ulithian,Pohnpeian,English,English,Ulithian,Pohnpeian,English,Pohnpeian
,Marshallese,Pohnpeian,English,Ulithian,Pohnpeian,English,English,Pohnpeian
,Pohnpeian,Pohnpeian,English,Marshallese,Pohnpeian,English,English,Pohnpeian
,English,Mortlockese,English,Pohnpeian,Pohnpeian,English,English,English
,Pohnpeian,Yapese,English,Pohnpeian,Mortlockese,English,English,English
,English,Kosraean,English,Mortlockese,English,English,English,Pohnpeian
,English,Kosraean,Pohnpeian,Yapese,Kosraean,English,English,English
,English,Pohnpeian,English,English,Kosraean,English,Pohnpeian,Pohnpeian
,English,Chuukese,English,Kosraean,Pohnpeian,English,Pohnpeian,Pohnpeian
,Chuukese,Pohnpeian,English,Pohnpeian,Chuukese,English,Pohnpeian,English
,English,Pohnpeian,English,Chuukese,Pohnpeian,English,English,English
,Pohnpeian,Pohnpeian,English,Pohnpeian,Pohnpeian,Pohnpeian,English,Pohnpeian
,English,Mortlockese,English,Pohnpeian,Pohnpeian,English,English,English
,English,English,English,Pohnpeian,Kosraean,Pohnpeian,Pohnpeian,Pohnpeian
,English,Pingelapese,English,Kosraean,Chuukese,English,English,English
,English,Pohnpeian,English,English,Pingelapese,English,Pohnpeian,English
,Pohnpeian,English,English,Pingelapese,Pohnpeian,English,English,Pohnpeian
,English,Kosraean,English,English,English,English,English,English
,Kosraean,Pohnpeian,Pohnpeian,English,Kosraean,English,English,English
,Pohnpeian,Pohnpeian,English,English,Pohnpeian,Pohnpeian,English,English
,English,English,English,Pohnpeian,Pohnpeian,English,Pohnpeian,English
,English,Pohnpeian,English,Pohnpeian,English,English,Kosraean,English
,Pohnpeian,Pohnpeian,English,English,Pohnpeian,English,English,English
,Pohnpeian,Visayan,English,Pohnpeian,Pohnpeian,English,Pohnpeian,English
,English,Pohnpeian,English,Pohnpeian,Visayan,English,Pohnpeian,English
,English,Pohnpeian,English,Tagalog,Pohnpeian,English,Pohnpeian,English
,Pohnpeian,Chuukese,English,Pohnpeian,Pohnpeian,English,English,English
,Chuukese,Pohnpeian,Pohnpeian,Pohnpeian,Chuukese,English,Mortlockese,English
,Pohnpeian,Urdu,English,Chuukese,Pohnpeian,English,Pohnpeian,English
,Urdu,English,English,Pohnpeian,English,English,Pohnpeian,English
,English,English,English,Urdu,English,English,Kosraean,English
,English,Pohnpeian,English,English,Yapese,English,English,English
,English,Pohnpeian,Pohnpeian,English,Pohnpeian,English,English,English
,Pohnpeian,Kosraean,English,English,Pohnpeian,English,English,English
,English,Pingelapese,English,Pohnpeian,Kosraean,English,English,Pingelapese
,Pingelapese,Mortlockese,English,Kosraean,Pingelapese,English,Pohnpeian,English
,Mortlockese,Pohnpeian,English,Pingelapese,Mortlockese,English,English,English
,English,Pohnpeian,English,Pohnpeian,Pohnpeian,English,Kosraean,English
,Pohnpeian,Pohnpeian,English,Pohnpeian,Pohnpeian,Japanese,English,English
,Pohnpeian,Mortlockese,English,Pohnpeian,Pohnpeian,English,English,English
,Mortlockese,English,English,Pohnpeian,Mortlockese,English,English,Pohnpeian
,English,Pohnpeian,English,Mortlockese,English,English,English,Pohnpeian
,Pohnpeian,Kosraean,English,Pohnpeian,Pohnpeian,Pohnpeian,English,English
,Tagalog,Pohnpeian,English,English,Kosraean,English,English,English
,Pohnpeian,Kosraean,English,Kosraean,Kosraean,Pohnpeian,Pohnpeian,English
,Kosraean,English,English,Pohnpeian,English,English,English,English
,English,Pohnpeian,English,English,Pohnpeian,Pohnpeian,English,Meing
,English,Pohnpeian,English,Pohnpeian,Pohnpeian,Pohnpeian,English,English
,Pohnpeian,English,English,Pohnpeian,English,Pohnpeian,English,English
,English,Kosraean,English,Pohnpeian,Kosraean,English,English,English
,English,Pohnpeian,English,Kosraean,English,English,English,English
,Pohnpeian,Pohnpeian,English,English,Pohnpeian,English,English,English
,Pohnpeian,Pingelapese,English,Pohnpeian,Pohnpeian,English,English,English
,English,English,English,Pohnpeian,Pingelapese,English,English,Ngatikese
,English,English,English,Pingelapese,English,English,English,English
,English,Mwokilese,English,English,English,English,English,English
,English,Pohnpeian,English,English,Mwokilese,Japanese,English,English
,Pohnpeian,Pohnpeian,English,Pohnpeian,Pohnpeian,English,English,English
,English,Chuukese,English,Pohnpeian,Pohnpeian,English,English,English
,Pohnpeian,English,English,Pohnpeian,Chuukese,Tagalog,English,English
,Chuukese,Japanese,Pohnpeian,Chuukese,Meing,English,English,English
,English,Chuukese,English,English,Meing,Tagalog,English,English
,English,English,English,English,Meing,English,English,English
,English,Meing,English,English,Meing,Chuukese,English,English
,English,English,English,English,Meing,Pohnpeian,English,English
,English,Chuukese,English,English,Meing,English,English,English
,English,Pohnpeian,English,Pohnpeian,Japanese,Pohnpeian,English,English
,English,English,English,English,Chuukese,Pohnpeian,English,English
,English,Mortlockese,English,English,Pohnpeian,English,English,English
,English,Mwokilese,English,Meing,English,Pohnpeian,English,English
,English,Kapingamarangi,English,English,Meing,English,English,English
,English,Pohnpeian,English,English,Meing,Pohnpeian,English,English
,English,Pohnpeian,English,English,Meing,Kosraean,English,Pohnpeian
,English,Chuukese,English,English,Japanese,Pohnpeian,English,English
,English,Marshallese,English,Pohnpeian,English,Pohnpeian,English,English
,English,Mwokilese,English,English,Meing,English,English,English
,English,Pohnpeian,English,English,Meing,English,English,English
,English,Pohnpeian,English,English,English,English,English,English
,English,Mwokilese,English,English,Meing,Samoan,English,Pohnpeian
,English,English,Japanese,English,Meing,Kosraean,English,Pohnpeian
,English,English,English,English,English,Pohnpeian,Meing,Pohnpeian
,English,English,English,Mortlockese,Pohnpeian,English,English,Pohnpeian
,English,English,English,English,Meing,English,English,Pohnpeian
,Pohnpeian,English,Pohnpeian,English,Pohnpeian,English,English,English
,Pohnpeian,Chuukese,Pohnpeian,English,Meing,Yapese,English,Pohnpeian
,English,Ulithian,English,Kapingamarangi,Chuukese,Kosraean,English,English
,English,Mwokilese,English,English,Marshallese,Chuukese,English,Pohnpeian
,English,Pohnpeian,English,English,Mwokilese,Pohnpeian,English,English
,English,English,English,English,Pohnpeian,Japanese,English,Pohnpeian
,English,Pohnpeian,English,Pohnpeian,English,English,English,English
,English,English,Japanese,English,Pohnpeian,Tagalog,English,English
,English,Pohnpeian,Pohnpeian,English,English,English,English,English
,English,English,Pohnpeian,Pohnpeian,English,English,English,Pohnpeian
,English,Pingelapese,English,Pohnpeian,English,Pohnpeian,English,English
,English,English,Pohnpeian,English,Japanese,Pohnpeian,English,Pohnpeian
,English,Kosraean,English,English,Chuukese,Pohnpeian,English,Pohnpeian
,English,Pohnpeian,English,Mwokilese,Ulithian,English,English,Pohnpeian
,English,Pohnpeian,,Mwokilese,Mwokilese,English,English,Pohnpeian
,English,English,,English,Pohnpeian,Pohnpeian,English,English
,English,Mortlockese,,English,Pohnpeian,Pohnpeian,Pohnpeian,Pohnpeian
,English,English,,English,Pohnpeian,English,English,Pohnpeian
,English,Mortlockese,,English,Pohnpeian,Japanese,English,Fijian
,English,Satawalese,,Pohnpeian,English,Japanese,English,English
,English,English,,English,English,Japanese,English,Pohnpeian
,English,Pohnpeian,,English,Pohnpeian,,English,Pohnpeian
,English,English,,Pohnpeian,English,,English,English
,English,Marshallese,,English,Pohnpeian,,Pohnpeian,Pohnpeian
,English,English,,Japanese,Pingelapese,,Pohnpeian,Pohnpeian
,English,Pohnpeian,,Chuukese,Pohnpeian,,English,Kosraean
,English,English,,Pohnpeian,Pohnpeian,,English,Pohnpeian
,English,English,,Chuukese,Pohnpeian,,English,Pohnpeian
,English,English,,Pohnpeian,English,,English,Pohnpeian
,English,English,,Mwokilese,Mortlockese,,English,Pohnpeian
,English,Kosraean,,English,English,,Tagalog,Kosraean
,English,Chuukese,,Pohnpeian,Mortlockese,,English,English
,English,English,,Pohnpeian,Satawalese,,English,Pohnpeian
,English,Pohnpeian,,English,Pohnpeian,,English,English
,English,Mortlockese,,English,English,,English,English
,English,English,,Pohnpeian,English,,English,Pohnpeian
,English,English,,Pohnpeian,Marshallese,,English,Pohnpeian
,English,English,,Pohnpeian,English,,English,Pohnpeian
,English,Pohnpeian,,English,Pohnpeian,,Pohnpeian,English
,English,English,,Pohnpeian,Yapese,,Pohnpeian,English
,English,Pohnpeian,,English,English,,Pohnpeian,Pohnpeian
,English,Chuukese,,Pohnpeian,English,,Pohnpeian,English
,English,Kosraean,,Pohnpeian,English,,Pohnpeian,Pohnpeian
,English,Japanese,,Pohnpeian,Pohnpeian,,Pohnpeian,English
,English,English,,English,Mortlockese,,English,Pohnpeian
,English,English,,English,English,,Pohnpeian,English
,English,Palauan,,English,English,,Pohnpeian,Japanese
,English,English,,Pingelapese,Pohnpeian,,Pohnpeian,Pohnpeian
,Pohnpeian,English,,English,Pohnpeian,,English,Mwokilese
,English,Japanese,,Pohnpeian,Pohnpeian,,Pohnpeian,Chuukese
,English,Chinese,,Chuukese,Chuukese,,Pohnpeian,Chuukese
,English,Outer Island Yapese,,English,Japanese,,,English
,Pohnpeian,Pohnpeian,,Kosraean,Pohnpeian,,Pohnpeian,Kosraean
,English,Japanese,,Pohnpeian,English,,English,English
,English,Tagalog,,Pohnpeian,Palauan,,English,Chuukese
,English,,,Mortlockese,English,,English,
,English,,,English,Japanese,,Pohnpeian,
,Kapingamarangi,,,English,Fijian,,English,
,English,,,English,Outer Island Yapese,,English,
,Pohnpeian,,,Mortlockese,English,,Pohnpeian,
,English,,,English,Japanese,,Pohnpeian,
,English,,,Pohnpeian,,,English,
,English,,,English,,,Kosraean,
,English,,,Pohnpeian,,,Pohnpeian,
,English,,,English,,,Pohnpeian,
,English,,,Pohnpeian,,,Pohnpeian,
,English,,,English,,,Pohnpeian,
,English,,,English,,,Kosraean,
,Pohnpeian,,,Pohnpeian,,,English,
,Pohnpeian,,,English,,,English,
,English,,,Kosraean,,,Pohnpeian,
,Pohnpeian,,,English,,,Pohnpeian,
,English,,,English,,,English,
,Japanese,,,English,,,Pohnpeian,
,English,,,English,,,English,
,Pohnpeian,,,Pohnpeian,,,Pohnpeian,
,Tagalog,,,Chuukese,,,Pohnpeian,
,Pohnpeian,,,Pohnpeian,,,English,
,English,,,Pohnpeian,,,English,
,English,,,Kosraean,,,English,
,Tagalog,,,English,,,Pohnpeian,
,English,,,Pohnpeian,,,Pohnpeian,
,English,,,English,,,Pohnpeian,
,Pohnpeian,,,Visayan,,,Pohnpeian,
,Pohnpeian,,,Mortlockese,,,Japanese,
,Mwokilese,,,Pohnpeian,,,Pohnpeian,
,Pohnpeian,,,English,,,Pohnpeian,
,English,,,Pohnpeian,,,Mortlockese,
,English,,,Pohnpeian,,,English,
,English,,,Pohnpeian,,,English,
,Pohnpeian,,,Pohnpeian,,,Marshallese,
,Pohnpeian,,,English,,,Mwokilese,
,Pohnpeian,,,Kosraean,,,Pohnpeian,
,English,,,English,,,Outer Island Yapese,
,Pohnpeian,,,English,,,Palauan,
,English,,,Pohnpeian,,,Pingelapese,
,English,,,English,,,Chuukese,
,English,,,English,,,,
,English,,,English,,,,
,English,,,English,,,,
,English,,,English,,,,
,Chuukese,,,Japanese,,,,
,English,,,Kapingamarangi,,,,
,English,,,English,,,,
,English,,,Pingelapese,,,,
,English,,,Pingelapese,,,,
,English,,,Chuukese,,,,
,Yapese,,,English,,,,
,Kosraean,,,English,,,,
,Kosraean,,,English,,,,
,English,,,English,,,,
,Pohnpeian,,,Kosraean,,,,
,English,,,Chuukese,,,,
,English,,,Ngatikese,,,,
,English,,,Mwokilese,,,,
,English,,,English,,,,
,Tagalog,,,Chinese,,,,
,English,,,English,,,,
,Kosraean,,,English,,,,
,Pohnpeian,,,Outer Island Yapese,,,,
,English,,,Pohnpeian,,,,
,English,,,Mortlockese,,,,
,English,,,English,,,,
,Pohnpeian,,,English,,,,
,Pohnpeian,,,Chuukese,,,,
,Mortlockese,,,Kosraean,,,,
,English,,,Pohnpeian,,,,
,Pohnpeian,,,English,,,,
,Outer Island Yapese,,,English,,,,
,English,,,English,,,,
,English,,,Pohnpeian,,,,
