questionnaire_id,L1,number_L1,L2_well,number_L2_well,L2_little,number_L2_little,language_mother,mother_english,language_father,father_english,languages_want_know_better,elementary_lang,elementary_lang_coded,hs_lang,hs_lang_coded,college_lang,family_lang,friends_lang,foreigners_lang,work_lang,school_lang,home_lang
20546,Pohnpeian,1,English,1,"Japanese,Mortlockese",2,Pohnpeian,0,Pohnpeian,0,German,"Pohnpeian,English",Bilingual,"English,Pohnpeian,Japanese",Bilingual,Pohnpeian,Pohnpeian,"Pohnpeian,English",English,"Pohnpeian,English","Pohnpeian,English","Pohnpeian,Meing"
36707,Pohnpeian,1,,0,,0,Pohnpeian,0,Pohnpeian,0,English,"Pohnpeian,English",Bilingual,English,English,,Pohnpeian,Pohnpeian,English,English,English,"Pohnpeian,Meing"
59423,Pohnpeian,1,,0,,0,Pohnpeian,0,Pohnpeian,0,English,"Pohnpeian,English",Bilingual,,None,,Pohnpeian,Pohnpeian,English,"Pohnpeian,English","Pohnpeian,English",Pohnpeian
59711,Pohnpeian,1,,0,,0,Pohnpeian,0,Pohnpeian,0,English,"Pohnpeian,English",Bilingual,,None,,Pohnpeian,Pohnpeian,"English,Pohnpeian",,Pohnpeian,Pohnpeian
24891,Pohnpeian,1,,0,,0,Kosraean,0,Pohnpeian,0,English,Pohnpeian,Non-English,"Pohnpeian,English",Bilingual,,Pohnpeian,Pohnpeian,English,Pohnpeian,Pohnpeian,Pohnpeian
21606,Pohnpeian,1,Pingelapese,1,,0,"Pohnpeian,Pingelapese",0,"Pohnpeian,Mortlockese",0,English,"Pohnpeian,English",Bilingual,,None,,Pohnpeian,Pohnpeian,Pohnpeian,,Pohnpeian,Pohnpeian
20776,Pohnpeian,1,,0,Mwokilese,1,"Pohnpeian,English",1,Pohnpeian,0,English,"Pohnpeian,English",Bilingual,"Pohnpeian,English",Bilingual,English,Pohnpeian,"Pohnpeian,English",English,"Pohnpeian,English","Pohnpeian,English","Pohnpeian,Meing"
20986,Pohnpeian,1,,0,,0,,0,,0,,"Pohnpeian,English",Bilingual,English,English,English,Pohnpeian,Pohnpeian,English,English,"Pohnpeian,English",Pohnpeian
58110,Pohnpeian,1,,0,,0,Pohnpeian,0,Pohnpeian,0,,Pohnpeian,Non-English,English,English,English,Pohnpeian,Pohnpeian,Pohnpeian,Pohnpeian,Pohnpeian,"Pohnpeian,Meing"
56521,Pohnpeian,1,English,1,English,1,Pohnpeian,0,Pohnpeian,0,English,"Pohnpeian,English",Bilingual,English,English,English,Pohnpeian,Pohnpeian,English,"Pohnpeian,English","Pohnpeian,English",Pohnpeian
17640,Pohnpeian,1,,0,,0,Pohnpeian,0,Pohnpeian,0,Chuukese,English,English,"Pohnpeian,English",Bilingual,,Pohnpeian,Pohnpeian,English,"Pohnpeian,English","Pohnpeian,English",Pohnpeian
40110,Pohnpeian,1,"English,Pingelapese",2,,0,Pohnpeian,0,Pohnpeian,0,English,"Pohnpeian,English",Bilingual,"Pohnpeian,English",Bilingual,English,Pohnpeian,Pohnpeian,English,"Pohnpeian,English","Pohnpeian,English",Pohnpeian
43115,Pohnpeian,1,Pingelapese,1,,0,Pohnpeian,0,Pohnpeian,0,English,"Pohnpeian,English ",Bilingual,,None,,Pohnpeian,Pohnpeian,English,"Pohnpeian,English","Pohnpeian,English",Pohnpeian
40413,Pohnpeian,1,,0,,0,Pohnpeian,0,Pohnpeian,0,English,"Pohnpeian,English",Bilingual,,None,,Pohnpeian,Pohnpeian,"Pohnpeian,English",Pohnpeian,Pohnpeian,Pohnpeian
33533,Pohnpeian,1,,0,,0,Pohnpeian,0,Pohnpeian,0,English,Pohnpeian,Non-English,English,English,,Pohnpeian,Pohnpeian,Pohnpeian,Pohnpeian,Pohnpeian,Pohnpeian
44174,Pohnpeian,1,,0,English,1,Pohnpeian,0,Pohnpeian,0,English,Pohnpeian,Non-English,Pohnpeian ,Non-English,Pohnpeian,Pohnpeian,Pohnpeian,English,Pohnpeian,Pohnpeian,Pohnpeian
17058,Pohnpeian,1,,0,,0,Pohnpeian,0,Pohnpeian,0,English,Pohnpeian,Non-English,"Pohnpeian,English",Bilingual,Pohnpeian,Pohnpeian,Pohnpeian,English,Pohnpeian,"Pohnpeian,English",Pohnpeian
18964,Pohnpeian,1,Mwokilese,1,,0,"Pohnpeian,Pingelapese",0,"Pohnpeian,Mortlockese",0,English,"Pohnpeian,English",Bilingual,English ,English,,Pohnpeian,Pohnpeian,English,,Pohnpeian,Pohnpeian
20725,Pohnpeian,1,,0,,0,Pohnpeian,0,Pohnpeian,0,English,Pohnpeian,Non-English,"English,Pohnpeian",Bilingual,English,Pohnpeian,Pohnpeian,English,Pohnpeian,"Pohnpeian,English",Pohnpeian
45632,Pohnpeian,1,,0,English,1,"Pohnpeian,Kosraean,Chuukese",0,Pohnpeian,0,,"Pohnpeian,English",Bilingual,English,English,English,Pohnpeian,Pohnpeian,English,"Pohnpeian,English","Pohnpeian,English",Pohnpeian
17055,Pohnpeian,1,English,1,,0,Pohnpeian,0,Pohnpeian,0,English,Pohnpeian,Non-English,Pohnpeian ,Non-English,"Pohnpeian,English",Pohnpeian,Pohnpeian,"Pohnpeian,English",Pohnpeian,Pohnpeian,Pohnpeian
59093,Pohnpeian,1,,0,,0,Pohnpeian,0,Pohnpeian,0,English,,None,,None,,Pohnpeian,Pohnpeian,Pohnpeian,Pohnpeian,Pohnpeian,Pohnpeian
38967,Pohnpeian,1,Chuukese,1,English,1,Pohnpeian,0,"Pohnpeian,Chuukese",0,English,Pohnpeian,Non-English,"Pohnpeian,English",Bilingual,,Pohnpeian,Pohnpeian,English,,Pohnpeian,Pohnpeian
56710,Pohnpeian,1,,0,"English,Marshallese",2,"Pohnpeian,Japanese",0,"Pohnpeian,Japanese",0,English,"Pohnpeian,English",Bilingual,English,English,,Pohnpeian,"Pohnpeian,English",English,"Pohnpeian,English","Pohnpeian,English",Pohnpeian
23977,Pohnpeian,1,,0,English,1,Pohnpeian,0,Pohnpeian,0,English,Pohnpeian,Non-English,Pohnpeian ,Non-English,English,Pohnpeian,Pohnpeian,"Pohnpeian,English",Pohnpeian,"Pohnpeian,English",Pohnpeian
62013,Pohnpeian,1,,0,English,1,Pohnpeian,0,"Pohnpeian,Tagalog,English",1,English,Pohnpeian,Non-English,,None,,Pohnpeian,Pohnpeian,Pohnpeian,Pohnpeian,Pohnpeian,Pohnpeian
54796,Pohnpeian,1,English,1,,0,Pohnpeian,0,Pohnpeian,0,"Japanese,Chinese",Pohnpeian,Non-English,"Pohnpeian,English",Bilingual,English,Pohnpeian,Pohnpeian,"Pohnpeian,English",,"Pohnpeian,English",Pohnpeian
23422,Pohnpeian,1,"Pingelapese,English",2,,0,Pohnpeian,0,"Pohnpeian,Pingelapese,English",1,,"Pohnpeian,English",Bilingual,English,English,"Pohnpeian,English",Pohnpeian,"Pohnpeian,English",English,"Pohnpeian,English","Pohnpeian,English",Pohnpeian
22116,Pohnpeian,1,,0,English,1,Pohnpeian,0,Pohnpeian,0,,"Pohnpeian,English",Bilingual,English,English,English,Pohnpeian,Pohnpeian,English,Pohnpeian,"Pohnpeian,English",Pohnpeian
32996,Pohnpeian,1,English,1,,0,Pohnpeian,0,Pohnpeian,0,Yapese,"Pohnpeian,English",Bilingual,English,English,English,Pohnpeian,Pohnpeian,English,"Pohnpeian,English","Pohnpeian,English","Pohnpeian,Meing"
31160,Pohnpeian,1,English,1,,0,Pohnpeian,0,Pohnpeian,0,"English,Japanese",Pohnpeian,Non-English,,None,,Pohnpeian,Pohnpeian,Pohnpeian,Pohnpeian,Pohnpeian,Pohnpeian
24880,Pohnpeian,1,,0,English,1,Pohnpeian,0,Pohnpeian,0,English,English,English,,None,,Pohnpeian,Pohnpeian,English,Pohnpeian,Pohnpeian,Pohnpeian
61059,Pohnpeian,1,,0,,0,Pohnpeian,0,Pohnpeian,0,English,Pohnpeian,Non-English,,None,,Pohnpeian,Pohnpeian,Pohnpeian,Pohnpeian,Pohnpeian,Pohnpeian
51300,Pohnpeian,1,English,1,,0,Pohnpeian,0,Pohnpeian,0,,"Pohnpeian,English",Bilingual,English,English,,Pohnpeian,Pohnpeian,English,Pohnpeian,"Pohnpeian,English",Pohnpeian
24745,Pohnpeian,1,English,1,Japanese,1,Pohnpeian,0,Pohnpeian,0,,Pohnpeian,Non-English,"Pohnpeian,English",Bilingual,"Pohnpeian,English",Pohnpeian,Pohnpeian,"Pohnpeian,English","Pohnpeian,English","Pohnpeian,English",Pohnpeian
61119,Pohnpeian,1,English,1,Chuukese,1,Pohnpeian,0,Pohnpeian,0,"Palauan,Yapese",English,English,English,English,English,Pohnpeian,Pohnpeian,English,"Pohnpeian,English","Pohnpeian,English",Pohnpeian
49817,Pohnpeian,1,,0,"English,Japanese",2,Pohnpeian,0,Pohnpeian,0,Japanese,"Pohnpeian,English",Bilingual,"Pohnpeian,English",Bilingual,,Pohnpeian,"Pohnpeian,English",English,,Pohnpeian,Pohnpeian
52068,Pohnpeian,1,,0,,0,Pohnpeian,0,Pohnpeian,0,English,Pohnpeian,Non-English,,None,,Pohnpeian,Pohnpeian,Pohnpeian,Pohnpeian,Pohnpeian,Pohnpeian
56919,Pohnpeian,1,English,1,Ngatikese,1,Pohnpeian,0,"Pohnpeian,Ngatikese",0,English,"Pohnpeian,English",Bilingual,"Pohnpeian,English",Bilingual,English,Pohnpeian,Pohnpeian,English,Pohnpeian,"Pohnpeian,English",Pohnpeian
21197,Pohnpeian,1,English,1,,0,Pohnpeian,0,Pohnpeian,0,English,Pohnpeian,Non-English,"Pohnpeian,English",Bilingual,,Pohnpeian,Pohnpeian,"Pohnpeian,English",,"Pohnpeian,English",Pohnpeian
15656,Pohnpeian,1,,0,English,1,Pohnpeian,0,Mwokilese,0,English,English,English,English,English,English,Pohnpeian,Pohnpeian,English,Pohnpeian,English,Pohnpeian
25200,Pohnpeian,1,,0,English,1,Pohnpeian,0,Pohnpeian,0,English,"Pohnpeian,English",Bilingual,English,English,English,Pohnpeian,Pohnpeian,English,Pohnpeian,Pohnpeian,"Pohnpeian,Meing"
64201,Pohnpeian,1,English,1,Chuukese,1,Pohnpeian,0,Pohnpeian,0,English,"Pohnpeian,English",Bilingual,"Pohnpeian,English",Bilingual,English,"Pohnpeian,English",Pohnpeian,"Pohnpeian,English","Pohnpeian,English","Pohnpeian,English",Pohnpeian
36238,Japanese,1,"Pohnpeian,English",2,"Pingelapese,Kapingamarangi",2,Japanese,0,"Japanese,Pohnpeian",0,"Spanish,Chinese",Japanese,Non-English,"Japanese,English",Bilingual,,"Pohnpeian,Japanese","English,Pohnpeian,Japanese",English,Pohnpeian,Japanese,"Pohnpeian,Japanese"
55007,Pohnpeian,1,,0,,0,Pohnpeian,0,Pohnpeian,0,English,"English,Pohnpeian",Bilingual,,None,,Pohnpeian,Pohnpeian,Pohnpeian,Pohnpeian,Pohnpeian,Pohnpeian
46024,Pohnpeian,1,,0,English,1,Pohnpeian,0,"Pohnpeian,Mortlockese",0,"English,Mortlockese","English,Pohnpeian",Bilingual,,None,,Pohnpeian,Pohnpeian,"Pohnpeian,English",Pohnpeian,Pohnpeian,Pohnpeian
27999,Pohnpeian,1,,0,English,1,Pohnpeian,0,Pohnpeian,0,English,English,English,,None,,Pohnpeian,Pohnpeian,English,"Pohnpeian,English","Pohnpeian,English",Pohnpeian
56255,Pohnpeian,1,"English,Chuukese",2,"Pingelapese,Mwokilese,Ngatikese",3,Pohnpeian,0,Chuukese,0,"Japanese,French,Chinese","Pohnpeian,English",Bilingual,"Pohnpeian,English",Bilingual,English,"Pohnpeian,Chuukese",Pohnpeian,English,"Pohnpeian,Pingelapese,Mwokilese,English,Chuukese","Pohnpeian,English","Pohnpeian,Chuukese"
46367,Pohnpeian,1,English,1,,0,Pohnpeian,0,Pohnpeian,0,"Japanese,English","Pohnpeian,English",Bilingual,,None,,Pohnpeian,Pohnpeian,"Pohnpeian,English","Pohnpeian,English",Pohnpeian,Pohnpeian
58727,Pohnpeian,1,English,1,,0,Pohnpeian,0,Pohnpeian,0,English,"Pohnpeian,English",Bilingual,English,English,English,Pohnpeian,English,English,English,English,Pohnpeian
24655,Pohnpeian,1,,0,English,1,"Pohnpeian,English",1,Pohnpeian,0,"Pohnpeian,English","Pohnpeian,English",Bilingual,English,English,English,Pohnpeian,"Pohnpeian,English",English,"Pohnpeian,English","Pohnpeian,English",Pohnpeian
28753,Pohnpeian,1,,0,,0,Pohnpeian,0,Pohnpeian,0,"Pohnpeian,English,Japanese",Pohnpeian,Non-English,,None,,Pohnpeian,Pohnpeian,Pohnpeian,Pohnpeian,Pohnpeian,Pohnpeian
48907,Pohnpeian,1,,0,English,1,Pohnpeian,0,Pohnpeian,0,English,English,English,,None,,Pohnpeian,Pohnpeian,English,Pohnpeian,English,Pohnpeian
20225,Pohnpeian,1,,0,English,1,Pohnpeian,0,Pohnpeian,0,English,"Pohnpeian,English",Bilingual,,None,,Pohnpeian,Pohnpeian,English,"Pohnpeian,English","Pohnpeian,English",Pohnpeian
59048,Pohnpeian,1,,0,,0,Pohnpeian,0,Pohnpeian,0,English,"Pohnpeian,English",Bilingual,,None,,Pohnpeian,Pohnpeian,Pohnpeian,Pohnpeian,Pohnpeian,Pohnpeian
53250,Pohnpeian,1,,0,English,1,Pohnpeian,0,Pohnpeian,0,English,"Pohnpeian,English",Bilingual,,None,,"Pohnpeian,English",Pohnpeian,English,"Pohnpeian,English",Pohnpeian,Pohnpeian
20335,Pohnpeian,1,,0,English,1,Pohnpeian,0,Pohnpeian,0,"English,Japanese,Korean","Pohnpeian,English",Bilingual,"Pohnpeian,English",Bilingual,,Pohnpeian,Pohnpeian,,"Pohnpeian,English","Pohnpeian,English",Pohnpeian
47229,Pohnpeian,1,,0,English,1,Pohnpeian,0,Pohnpeian,0,English,"Pohnpeian,English",Bilingual,English,English,,Pohnpeian,Pohnpeian,English,English,Pohnpeian,Pohnpeian
28288,Pohnpeian,1,,0,English,1,Pohnpeian,0,Pohnpeian,0,"English,Korean,Tagalog","Pohnpeian,English",Bilingual,English,English,,Pohnpeian,Pohnpeian,,"English,Pohnpeian",Pohnpeian,Pohnpeian
27713,Mortlockese,1,Pohnpeian,1,English,1,"Mortlockese,Pohnpeian",0,"Pohnpeian,Mortlockese",0,English,"Mortlockese,English",Bilingual,,None,,Mortlockese,Mortlockese,"Mortlockese,English",Mortlockese,Mortlockese,"Mortlockese,Pohnpeian"
41156,Pohnpeian,1,,0,English,1,Pohnpeian,0,Pohnpeian,0,English,"Pohnpeian,English",Bilingual,,None,,Pohnpeian,Pohnpeian,English,"English,Pohnpeian",Pohnpeian,Pohnpeian
21089,Pohnpeian,1,English,1,,0,Pohnpeian,0,Pohnpeian,0,English,"Pohnpeian,English",Bilingual,English,English,English,Pohnpeian,Pohnpeian,English,"Pohnpeian,English","Pohnpeian,English",Pohnpeian
25005,Pohnpeian,1,,0,English,1,Pohnpeian,0,Pohnpeian,0,English,"Pohnpeian,English",Bilingual,,None,,Pohnpeian,Pohnpeian,English,"Pohnpeian,English",Pohnpeian,Pohnpeian
55062,Pohnpeian,1,,0,English,1,Pohnpeian,0,Pohnpeian,0,English,"Pohnpeian,English",Bilingual,,None,,Pohnpeian,Pohnpeian,"Pohnpeian,English",Pohnpeian,Pohnpeian,Pohnpeian
63741,Pohnpeian,1,"English,Chuukese",2,,0,Pohnpeian,0,Pohnpeian,0,Carolinian,"Pohnpeian,English",Bilingual,English,English,English,Pohnpeian,Pohnpeian,English,Pohnpeian,"Pohnpeian,English",Pohnpeian
38575,Pohnpeian,1,,0,English,1,Pohnpeian,0,Pohnpeian,0,English,"Pohnpeian,English",Bilingual,,None,,Pohnpeian,Pohnpeian,Pohnpeian,Pohnpeian,Pohnpeian,Pohnpeian
42584,Pohnpeian,1,English,1,,0,Pohnpeian,0,Pohnpeian,0,English,"Pohnpeian,English",Bilingual,"Pohnpeian,English",Bilingual,English,Pohnpeian,Pohnpeian,English,"Pohnpeian,English","Pohnpeian,English",Pohnpeian
48355,Pohnpeian,1,English,1,,0,Pohnpeian,0,Pohnpeian,0,"Japanese,English","Pohnpeian,English",Bilingual,"Pohnpeian,English",Bilingual,English,Pohnpeian,"Pohnpeian,English",English,"Pohnpeian,English","Pohnpeian,English",Pohnpeian
44205,Pohnpeian,1,English,1,,0,Pohnpeian,0,Pohnpeian,0,Japanese,"Pohnpeian,English",Bilingual,English,English,English,"Pohnpeian,Meing","Pohnpeian,Meing",English,"Pohnpeian,Meing","Pohnpeian,Meing",Pohnpeian
30121,Pohnpeian,1,English,1,,0,Pohnpeian,0,Pohnpeian,0,,"Pohnpeian,English",Bilingual,English,English,English,Pohnpeian,Pohnpeian,English,"Pohnpeian,English","Pohnpeian,English",Pohnpeian
22269,Pohnpeian,1,English,1,,0,Pohnpeian,0,Pohnpeian,0,"English,Japanese",Pohnpeian,Non-English,English,English,English,Pohnpeian,Pohnpeian,Pohnpeian,Pohnpeian,Pohnpeian,Pohnpeian
17625,Pohnpeian,1,,0,English,1,"Ngatikese,Pohnpeian",0,"Pohnpeian,Japanese",0,English,Pohnpeian,Non-English,,None,,Pohnpeian,Pohnpeian,"Pohnpeian,English","Pohnpeian,English",Pohnpeian,Pohnpeian
46061,Pohnpeian,1,Pingelapese,1,English,1,"Pohnpeian,Pingelapese",0,Pohnpeian,0,"English,Japanese","Pohnpeian,English",Bilingual,,None,,Pohnpeian,Pohnpeian,"Pohnpeian,English",Pohnpeian,Pohnpeian,Pohnpeian
17596,Pohnpeian,1,,0,English,1,Pohnpeian,0,Pohnpeian,0,"English,Japanese","Pohnpeian,English",Bilingual,,None,,,,,,,
60525,Pohnpeian,1,"English,Chuukese",2,"French,Japanese,Latin",3,Pohnpeian,0,Pohnpeian,0,Spanish,Pohnpeian,Non-English,English,English,English,"Pohnpeian,English","Pohnpeian,English",English,"Pohnpeian,English",English,"Pohnpeian,English"
17793,Pohnpeian,1,,0,English,0,Pohnpeian,0,Pohnpeian,0,English,"Pohnpeian,English",Bilingual,,None,,Pohnpeian,Pohnpeian,"Pohnpeian,English",Pohnpeian,Pohnpeian,Pohnpeian
16401,Pohnpeian,1,Chuukese,1,English,0,"Pohnpeian,Chuukese",0,"Pohnpeian,Chuukese",0,English,"Pohnpeian,English",Bilingual,,None,,"Pohnpeian,Chuukese",Pohnpeian,"Pohnpeian,English",Pohnpeian,Pohnpeian,Pohnpeian
46864,Pohnpeian,1,,0,English,1,Pohnpeian,0,Kapingamarangi,0,English,"Pohnpeian,English",Bilingual,"Pohnpeian,English",Bilingual,,Pohnpeian,English,English,,Pohnpeian,Pohnpeian
17149,Pohnpeian,1,English,1,,0,Pohnpeian,0,Pohnpeian,0,Japanese,"Pohnpeian,English",Bilingual,English,English,English,Pohnpeian,Pohnpeian,English,"Pohnpeian,English","Pohnpeian,English",Pohnpeian
36520,Pohnpeian,1,,0,English,1,Pohnpeian,0,Pohnpeian,0,Japanese,Pohnpeian,Non-English,English,English,English,Pohnpeian,Pohnpeian,English,English,English,Pohnpeian
19479,Pohnpeian,1,English,1,,0,Pohnpeian,0,Pohnpeian,0,,"Pohnpeian,English",Bilingual,English,English,English,Pohnpeian,Pohnpeian,English,English,Pohnpeian,Pohnpeian
44003,Pohnpeian,1,,0,English,1,Pohnpeian,0,"Pohnpeian,Chuukese",0,English,"Pohnpeian,English",Bilingual,,None,,Pohnpeian,Pohnpeian,"Pohnpeian,English",Pohnpeian,Pohnpeian,Pohnpeian
28765,Pohnpeian,1,,0,English,1,Pohnpeian,0,Pohnpeian,0,Hindi,Pohnpeian,Non-English,English,English,,Pohnpeian,Pohnpeian,English,Pohnpeian,Pohnpeian,Pohnpeian
51976,Pohnpeian,1,,0,English,1,Pohnpeian,0,Pohnpeian,0,English,"Pohnpeian,English",Bilingual,,None,,Pohnpeian,Pohnpeian,English,Pohnpeian,Pohnpeian,Pohnpeian
50555,Pohnpeian,1,,0,English,1,Pohnpeian,0,Pohnpeian,1,English,"Pohnpeian,English",Bilingual,"Pohnpeian,English",Bilingual,"Pohnpeian,English",Pohnpeian,Pohnpeian,"Pohnpeian,English",Pohnpeian,"Pohnpeian,English",Pohnpeian
37634,Pohnpeian,1,,0,English,1,Pohnpeian,0,Pohnpeian,0,Japanese,English,English,English,English,,Pohnpeian,Pohnpeian,English,English,English,Pohnpeian
53953,Pohnpeian,1,,0,"English,Japanese",2,Pohnpeian,0,Pohnpeian,0,Korean,"Pohnpeian,English",Bilingual,"Pohnpeian,English",Bilingual,English,Pohnpeian,Pohnpeian,English,Pohnpeian,Pohnpeian,Pohnpeian
61729,Mwokilese,1,"Pohnpeian,English",2,"Pingelapese,Chuukese,Kosraean,Mortlockese",4,"Mwokilese,Pohnpeian",0,"Mwokilese,Pohnpeian",0,"Hawaiian,Chamorro,Carolinian","Pohnpeian,English",Bilingual,English,English,English,Mwokilese,"Pohnpeian,English",English,"Pohnpeian,English",English,Pohnpeian
27420,Pohnpeian,1,English,1,Meing,1,Pohnpeian,0,Pohnpeian,0,"English,Japanese",Pohnpeian,Non-English,Pohnpeian ,Non-English,Pohnpeian,Pohnpeian,Pohnpeian,Pohnpeian,Pohnpeian,Pohnpeian,Pohnpeian
43212,Pohnpeian,1,English,1,Japanese,1,Pohnpeian,0,Pohnpeian,0,"Latin,Chuukese",Pohnpeian,Non-English,"Pohnpeian,English,Japanese",Bilingual,"Pohnpeian,English",Pohnpeian,Pohnpeian,"Pohnpeian,English",Pohnpeian,Pohnpeian,Pohnpeian
30940,Pohnpeian,1,English,1,,0,Pohnpeian,0,Pohnpeian,0,Pohnpeian,"Pohnpeian,English",Bilingual,English,English,English,Pohnpeian,"Pohnpeian,English",English,English,English,Pohnpeian
56384,Pohnpeian,1,"English,Nukuoran",2,,0,Pohnpeian,0,Pohnpeian,0,"English,Japanese","Pohnpeian,English",Bilingual,"Pohnpeian,English",Bilingual,"Pohnpeian,English",Pohnpeian,"Pohnpeian,English",English,Pohnpeian,"Pohnpeian,English",Pohnpeian
48808,Pohnpeian,1,English,1,,0,Pohnpeian,0,Pohnpeian,0,"Pohnpeian,English","Pohnpeian,English",Bilingual,English,English,"Pohnpeian,English",Pohnpeian,Pohnpeian,English,"Pohnpeian,English",Pohnpeian,Pohnpeian
60411,Ngatikese,1,"English,Pohnpeian",2,,0,Ngatikese,0,Ngatikese,0,"Pohnpeian,English","Pohnpeian,English",Bilingual,English,English,English,Ngatikese,"Ngatikese,Pohnpeian",English,"Pohnpeian,Ngatikese","Pohnpeian,English",Pohnpeian
27383,Pohnpeian,1,,0,English,0,Pohnpeian,0,Pohnpeian,0,English,Pohnpeian,Non-English,,None,,Pohnpeian,Pohnpeian,English,"Pohnpeian,English","Pohnpeian,English",Pohnpeian
61548,Ngatikese,1,"English,Pohnpeian",1,,0,Ngatikese,0,Ngatikese,0,"Pohnpeian,English",Ngatikese,Non-English,English,English,English,Ngatikese,Ngatikese,Pohnpeian,Pohnpeian,Pohnpeian,Pohnpeian
21476,Pohnpeian,1,English,1,,0,Pohnpeian,0,Pohnpeian,0,,Pohnpeian,Non-English,"Pohnpeian,English",Bilingual,English,Pohnpeian,Pohnpeian,English,,,"Pohnpeian,Meing"
53398,Pohnpeian,1,"English,Chuukese",2,,0,Pohnpeian,0,"Pohnpeian,Chuukese",0,Japanese,"Pohnpeian,English",Bilingual,English,English,English,Pohnpeian,"Pohnpeian,English",English,"Pohnpeian,English","Pohnpeian,English",Pohnpeian
45304,Pohnpeian,1,,0,Kosraean,1,Pohnpeian,0,Pohnpeian,0,Chuukese,"Pohnpeian,English",Bilingual,English,English,English,Pohnpeian,Pohnpeian,English,,English,Pohnpeian
58133,Pohnpeian,1,English,1,,0,Pohnpeian,0,Pohnpeian,0,Yapese,"Pohnpeian,English",Bilingual,English,English,,Pohnpeian,Pohnpeian,Pohnpeian,,Pohnpeian,Pohnpeian
17608,Pohnpeian,1,,0,English,1,Pohnpeian,0,Pohnpeian,0,English,Pohnpeian,Non-English,English,English,English,Pohnpeian,Pohnpeian,Pohnpeian,Pohnpeian,Pohnpeian,Pohnpeian
50923,Pohnpeian,1,,0,English,1,Pohnpeian,0,Pohnpeian,0,English,"Pohnpeian,English",Bilingual,,None,,Pohnpeian,Pohnpeian,English,,Pohnpeian,Pohnpeian
64658,Pohnpeian,1,English,1,,0,Pohnpeian,0,Pohnpeian,0,Latin,"Pohnpeian,English",Bilingual,"English,Japanese",English,"English,Japanese",Pohnpeian,"Pohnpeian,English",English,,"Pohnpeian,English",Pohnpeian
25970,Pohnpeian,1,English,1,,0,Pohnpeian,0,Pohnpeian,0,,"Pohnpeian,English",Bilingual,English,English,English,Pohnpeian,Pohnpeian,English,"Pohnpeian,English","Pohnpeian,English",Pohnpeian
51392,Pohnpeian,1,,0,English,1,Pohnpeian,0,Pohnpeian,0,English,"Pohnpeian,English",Bilingual,"Pohnpeian,English",Bilingual,,Pohnpeian,Pohnpeian,English,"Pohnpeian,English","Pohnpeian,English",Pohnpeian
24958,Pohnpeian,1,English,1,,0,"Pohnpeian,English",1,"Pohnpeian,English,Japanese",1,Japanese,English,English,English,English,English,Pohnpeian,"Pohnpeian,English",Pohnpeian,"Pohnpeian,English","Pohnpeian,English",Pohnpeian
16197,Pohnpeian,1,,0,,0,Pohnpeian,0,Pohnpeian,0,Pohnpeian,,None,,None,,,Pohnpeian,Pohnpeian,Pohnpeian,Pohnpeian,Pohnpeian
23927,Pohnpeian,1,English,1,Mortlockese,1,Pohnpeian,0,Pohnpeian,0,Samoan,"Pohnpeian,English",Bilingual,English,English,,Pohnpeian,"Pohnpeian,English",English,"Pohnpeian,English","Pohnpeian,English",Pohnpeian
57376,Pohnpeian,1,Chuukese,1,,0,Pohnpeian,0,Chuukese,0,Arabic,Pohnpeian,Non-English,English,English,English,Pohnpeian,Pohnpeian,English,Pohnpeian,Pohnpeian,Pohnpeian
24853,Pohnpeian,1,Pingelapese,1,,0,"Pohnpeian,Pingelapese",0,Pohnpeian,0,English,"Pohnpeian,English",Bilingual,,None,,Pohnpeian,Pohnpeian,Pohnpeian,Pohnpeian,Pohnpeian,"Pohnpeian,Meing"
63635,Pohnpeian,1,English,1,"Mwokilese,Ngatikese",2,Pohnpeian,0,Pohnpeian,0,"Spanish,Japanese,Chinese",Pohnpeian,Non-English,English,English,,Pohnpeian,Pohnpeian,English,"Pohnpeian,English",English,"Pohnpeian,Meing"
58496,Pohnpeian,1,,0,,0,Pohnpeian,0,Pohnpeian,0,English,"English,Pohnpeian",Bilingual,"Pohnpeian,English",Bilingual,,Pohnpeian,Pohnpeian,English,English,"Pohnpeian,English",Pohnpeian
46980,Pohnpeian,1,English,1,,0,"Pohnpeian,English",1,"Pohnpeian,English",1,English,"Pohnpeian,English",Bilingual,"Pohnpeian,English",Bilingual,English,Pohnpeian,Pohnpeian,English,"Pohnpeian,English","Pohnpeian,English",Pohnpeian
43043,Pohnpeian,1,,0,,0,Pohnpeian,0,Pohnpeian,0,,English ,English,,None,,Pohnpeian,Pohnpeian,English,Pohnpeian,"Pohnpeian,English",Pohnpeian
42504,Pohnpeian,1,English,1,"Japanese,Korean",2,"Pohnpeian,English,Mwortlockese",1,"Japanese,Pohnpeian,English",1,Japanese,"Pohnpeian,English",Bilingual,English,English,,"Japanese,Pohnpeian","Pohnpeian,English","English,Japanese",,"Pohnpeian,English","Pohnpeian,Japanese"
43275,English,1,Pohnpeian,1,Korean,1,"Pohnpeian,English",1,English,1,Chinese,English,English,English,English,,"Pohnpeian,English","Pohnpeian,English",English,English,"Pohnpeian,English","Pohnpeian,English"
60429,Pohnpeian,1,English,1,,0,Pohnpeian,0,"Pohnpeian,English",1,"Meing,English","Pohnpeian,English",Bilingual,English,English,English,Pohnpeian,Pohnpeian,"Pohnpeian,English",Pohnpeian,"Pohnpeian,English","Pohnpeian,Meing"
47942,Pohnpeian,1,,0,English,1,Pohnpeian,0,Pohnpeian,0,Pohnpeian,Pohnpeian,Non-English,English,English,English,Pohnpeian,Pohnpeian,English,Pohnpeian,Pohnpeian,"Pohnpeian,Meing"
49398,"Mortlockese,Pohnpeian",2,English,1,,0,Pohnpeian,0,Mortlockese,0,Meing,"English,Pohnpeian,Mortlockese",Bilingual,"English,Pohnpeian",Bilingual,English,"Pohnpeian,Mortlockese","Pohnpeian,Mortlockese",English,"Pohnpeian,English","English,Pohnpeian,Mortlockese",Pohnpeian
24236,Pohnpeian,1,,,English,1,Pohnpeian,0,Pohnpeian,0,"Meing,Pohnpeian,English",Pohnpeian,Non-English,"Pohnpeian,English",Bilingual,English,Pohnpeian,Pohnpeian,"Pohnpeian,English","Pohnpeian,English","Pohnpeian,English","Pohnpeian,English"
50521,Pohnpeian,1,,0,,0,Pohnpeian,0,Pohnpeian,0,English,Pohnpeian,Non-English,,None,,Pohnpeian,Pohnpeian,Pohnpeian,,Pohnpeian,Pohnpeian
37166,Pohnpeian,1,English,1,,0,Pohnpeian,0,Pohnpeian,0,Japanese,"Pohnpeian,English",Bilingual,"English,Pohnpeian",Bilingual,English,Pohnpeian,Pohnpeian,English,"Pohnpeian,English",English,Pohnpeian
31990,Pohnpeian,1,English,1,"Marshallese,Mwokilese",2,Pohnpeian,0,Pohnpeian,0,Meing,Pohnpeian,Non-English,English,English,English,"Pohnpeian,Mwokilese",Pohnpeian,English,"Pohnpeian,English","Pohnpeian,English","Pohnpeian,Meing"
45905,Pohnpeian,1,English,1,,0,Pohnpeian,0,"Pohnpeian,English",1,Carolinian,English,English,English,English,,Pohnpeian,"Pohnpeian,English",English,English,English,Pohnpeian
52214,Pohnpeian,1,English,1,,0,Pohnpeian,0,Pohnpeian,0,Chuukese,"Pohnpeian,English",Bilingual,English,English,English,Pohnpeian,Pohnpeian,English,Pohnpeian,"Pohnpeian,English",Pohnpeian
57367,Pohnpeian,1,English,1,,0,Pohnpeian,0,Pohnpeian,0,,English,English,English,English,English,Pohnpeian,"Pohnpeian,English",English,Pohnpeian,English,Pohnpeian
31846,Pohnpeian,1,English,1,"Kapingamarangi,Mwokilese,Pingelapese",3,Pohnpeian,0,Pohnpeian,0,,"Pohnpeian,English",Bilingual,English,English,English,Pohnpeian,Pohnpeian,English,"Pohnpeian,English","Pohnpeian,English","Pohnpeian,Meing"
35796,Pohnpeian,1,"Ngatikese,English",2,,0,Pohnpeian,0,Pohnpeian,0,Kosraean,"Pohnpeian,English",Bilingual,English,English,English,Pohnpeian,Pohnpeian,English,"Pohnpeian,English","Pohnpeian,English",Pohnpeian
27015,Kapingamarangi,1,"Pohnpeian,English",2,Kosraean,1,Kapingamarangi,0,Kapingamarangi,0,Palauan,English,English,"Pohnpeian,English",Bilingual,English,"Pohnpeian,Kapingamarangi","Pohnpeian,English,Kapingamarangi",English,,English,Pohnpeian
52388,English,1,Pohnpeian,1,Chuukese,1,Pohnpeian,0,Pohnpeian,0,Pohnpeian,English,English,English,English,English,Pohnpeian,Pohnpeian,Pohnpeian,Pohnpeian,Pohnpeian,Pohnpeian
56954,Kapingamarangi,1,"Pohnpeian,English",2,,0,Kapingamarangi,0,Kapingamarangi,0,Chuukese,"English,Kapingamarangi",Bilingual,English,English,English,Kapingamarangi,"Pohnpeian,Kapingamarangi",English,,English,"Pohnpeian,English"
52325,Kapingamarangi,1,,0,"English,Pohnpeian",2,Kapingamarangi,0,Kapingamarangi,0,Pohnpeian,English,English,English,English,,Kapingamarangi,"Kapingamarangi,English",English,,English,Kapingamarangi
47472,Pingelapese,1,,0,"Pohnpeian,English",2,Pingelapese,0,Pingelapese,0,English,"Pohnpeian,English",Bilingual,English,English,English,"Pingelapese,Pohnpeian","Pohnpeian,English",English,"Pohnpeian,English","Pohnpeian,English","Pingelapese,Pohnpeian"
21499,Kapingamarangi,1,,0,"Pohnpeian,English",2,Kapingamarangi,0,Kapingamarangi,0,English,"English,Pohnpeian",Bilingual,"English,Pohnpeian",Bilingual,,Kapingamarangi,"Kapingamarangi,English",English,,"English,Pohnpeian",Kapingamarangi
27020,Pohnpeian,1,English,1,,0,Pohnpeian,0,Pohnpeian,0,Spanish,Pohnpeian,Non-English,English,English,English,Pohnpeian,Pohnpeian,English,English,English,Pohnpeian
19657,Pohnpeian,1,English,1,Spanish,1,Pohnpeian,0,,0,Korean,Pohnpeian,Non-English,Pohnpeian,Non-English,"Tagalog,English,Pohnpeiaan",Pohnpeian,"English,Pohnpeian",English,English,"English,Pohnpeian",Pohnpeian
44372,Pohnpeian,1,,0,English,0,Pohnpeian,0,Pohnpeian,0,English,"Pohnpeian,English",Bilingual,English,English,,Pohnpeian,Pohnpeian,English,"Pohnpeian,English","Pohnpeian,English",Pohnpeian
25075,Pohnpeian,1,English,0,,0,Pohnpeian,0,Pohnpeian,0,English,"Pohnpeian,English",Bilingual,"English,Pohnpeian",Bilingual,,Pohnpeian,"Pohnpeian,English",English,"Pohnpeian,English","Pohnpeian,English","Pohnpeian,Meing"
18526,Pohnpeian,1,"English,Kosraean",2,Mwokilese,1,Kosraean,0,Pohnpeian,0,"Pingelapese,Ngatikese,Nukuoran,Kapingamarangi","Pohnpeian,English",Bilingual,"English,Pohnpeian",Bilingual,English,"English,Pohnpeian","Pohnpeian,English",English,Pohnpeian,"Pohnpeian,English",Pohnpeian
36676,Mwokilese,1,"Pohnpeian,English",2,,0,Mwokilese,0,Mwokilese,0,Meing,English,English,English,English,English,Mwokilese,"Mwokilese,Pohnpeian,English",English,English,English,"Mwokilese,Pohnpeian"
51062,Pohnpeian,1,English,1,Mwokilese,1,Pohnpeian,0,Pohnpeian,0,,"Pohnpeian,English",Bilingual,"Pohnpeian,English",Bilingual,English,Pohnpeian,Pohnpeian,English,Pohnpeian,"Pohnpeian,English",Pohnpeian
60518,Pohnpeian,1,,0,English,1,"Pohnpeian,Japanese",0,"Pohnpeian,English,Chuukese,Palauan,Mwokilese",1,English,"Pohnpeian,English",Bilingual,"Pohnpeian,English",Bilingual,,Pohnpeian,Pohnpeian,English,Pohnpeian,Pohnpeian,Pohnpeian
64063,Pohnpeian,1,English,1,,0,Pohnpeian,0,Pohnpeian,0,Japanese,Pohnpeian,Non-English,"Pohnpeian,English",Bilingual,"Pohnpeian,English",Pohnpeian,Pohnpeian,"Pohnpeian,English","Pohnpeian,English","Pohnpeian,English",Pohnpeian
52334,Pohnpeian,1,,0,English,1,Pohnpeian,0,Pohnpeian,0,English,"Pohnpeian,English",Bilingual,,None,,Pohnpeian,Pohnpeian,English,Pohnpeian,Pohnpeian,Pohnpeian
60966,Pohnpeian,1,,0,English,1,Pohnpeian,0,Pohnpeian,0,"English,Japanese,Latin","Pohnpeian,English",Bilingual,,None,,Pohnpeian,Pohnpeian,English,Pohnpeian,Pohnpeian,Pohnpeian
24078,Pohnpeian,1,,0,English,1,Pohnpeian,0,Pohnpeian,0,English,"Pohnpeian,English",Bilingual,,None,,Pohnpeian,Pohnpeian,English,Pohnpeian,Pohnpeian,Pohnpeian
17177,Pohnpeian,1,,0,English,1,Pohnpeian,0,Pohnpeian,0,"English,Pohnpeian","English,Pohnpeian",Bilingual,,None,,Pohnpeian,Pohnpeian,"English,Pohnpeian",Pohnpeian,Pohnpeian,Pohnpeian
31142,Pohnpeian,1,,0,English,1,Pohnpeian,0,Pohnpeian,0,English,"English,Pohnpeian",Bilingual,English,English,English,Pohnpeian,Pohnpeian,"English,Pohnpeian","English,Pohnpeian",Pohnpeian,Pohnpeian
20421,Mortlockese,1,Pohnpeian,1,English,1,Mortlockese,0,Mortlockese,0,"English,Pohnpeian","Mortlockese,English",Bilingual,,None,,Mortlockese,"Mortlockese,Pohnpeian",English,Pohnpeian,Mortlockese,Mortlockese
63428,Pohnpeian,1,,0,English,1,Pohnpeian,0,Pohnpeian,0,"English,Japanese",Pohnpeian,Non-English,,None,,Pohnpeian,Pohnpeian,English,Pohnpeian,Pohnpeian,Pohnpeian
57888,Pohnpeian,1,,0,English,1,"Pohnpeian,Mortlockese",0,Pohnpeian,0,"English,Pohnpeian",Pohnpeian,Non-English,,None,,Pohnpeian,Pohnpeian,English,Pohnpeian,Pohnpeian,Pohnpeian
26058,Pohnpeian,1,,0,English,1,Pohnpeian,0,Pohnpeian,0,English,"English,Pohnpeian",Bilingual,,None,,Pohnpeian,Pohnpeian,English,Pohnpeian,Pohnpeian,Pohnpeian
36242,Pohnpeian,1,"English,Japanese",2,,0,Pohnpeian,0,Pohnpeian,0,"Spanish,Chuukese","Pohnpeian,English",Bilingual,"Pohnpeian,English",Bilingual,English,Pohnpeian,Pohnpeian,"Pohnpeian,English",Pohnpeian,Pohnpeian,Pohnpeian
36504,Pohnpeian,1,English,1,,0,Pohnpeian,0,Pohnpeian,0,"English,Chinese",Pohnpeian,Non-English,"Pohnpeian,English",Bilingual,"Pohnpeian,English",Pohnpeian,Pohnpeian,"Pohnpeian,English",Pohnpeian,Pohnpeian,Pohnpeian
44632,Pohnpeian,1,English,1,,0,Pohnpeian,0,Pohnpeian,0,Pohnpeian,Pohnpeian,Non-English,"Pohnpeian,English",Bilingual,,Pohnpeian,Pohnpeian,"Pohnpeian,English",Pohnpeian,Pohnpeian,Pohnpeian
52372,Pohnpeian,1,English,1,,0,Pohnpeian,0,Pohnpeian,0,"English,Japanese,Chinese",Pohnpeian,Non-English,"Pohnpeian,English",Bilingual,"Pohnpeian,English",Pohnpeian,Pohnpeian,"Pohnpeian,English",Pohnpeian,Pohnpeian,Pohnpeian
26023,Pohnpeian,1,,0,Japanese,1,Pohnpeian,0,Pohnpeian,0,English,"Pohnpeian,Japanese",Non-English,"Pohnpeian,Japanese",Non-English,,Pohnpeian,Pohnpeian,Pohnpeian,Pohnpeian,Pohnpeian,"Pohnpeian,Meing"
40265,Pohnpeian,1,English,1,,0,Pohnpeian,0,Pohnpeian,0,"Meing,English",Pohnpeian,Non-English,"Pohnpeian,English",Bilingual,,Pohnpeian,Pohnpeian,"Pohnpeian,English",Pohnpeian,Pohnpeian,Pohnpeian
65212,Pohnpeian,1,English,1,,0,Pohnpeian,0,Pohnpeian,0,,"Pohnpeian,English",Bilingual,"Pohnpeian,English",Bilingual,,Pohnpeian,Pohnpeian,Pohnpeian,"Pohnpeian,English",Pohnpeian,Pohnpeian
35854,Pohnpeian,1,,0,,0,Pohnpeian,0,Pohnpeian,0,English,Pohnpeian,Non-English,,None,,Pohnpeian,Pohnpeian,Pohnpeian,Pohnpeian,Pohnpeian,Pohnpeian
1,Yapese,1,Marshallese,1,Pohnpeian ,1,"Yapese,English",1,"Yapese,English",1,English,English,English,Yapese,Non-English,,"Yapese,Chuukese",English,English,"Pohnpeian,English",English,"Yapese,Chuukese"
2,Ilocano,1,"Tagalog,English",2,Pohnpeian,1,Ilocano,0,Ilocano,0,Pohnpeian,English,English,English,English,English,Tagalog,Tagalog,English,English,English,Tagalog
3,Mwokilese,1,"Pohnpeian,English,Marshallese",3,Chuukese,1,Mwokilese,0,Mwokilese,0,"Pohnpeian,Meing","Mwokilese,Pohnpeian,English",Bilingual,English,English,English,"Mwokilese,Marshallese",English,English,English,English,"Mwokilese,Marshallese,English"
4,Pohnpeian,1,English,1,"Ngatikese,Pingelapese",2,Pohnpeian,0,Pohnpeian,0,Spanish,English,English,English,English,English,Pohnpeian,"Pohnpeian,English",English,English,English,Pohnpeian
5,Ilonggo,1,Tagalog,1,Chuukese ,1,"Ilonggo,Tagalog,Bisaya,English",1,,,English,"English,Tagalog",Bilingual,"English,Tagalog",Bilingual,"English,Tagalog",Ilonggo,"Tagalog,English",English,English,"Bisaya,Tagalog",English
6,Mwokilese,1,"Pohnpeian,Pingelapese,English",3,"Kosraean,Mortlockese",1,Mwokilese,0,"Mwokilese,Pohnpeian",0,"French,Spanish","English,Pohnpeian",Bilingual,English,English,English,Mwokilese ,"Pohnpeian,Mwokilese,Pingelapese,English",English,"Pohnpeian,English","Pohnpeian,English",Mwokilese
7,Pohnpeian,1,"Chuukese,English",2,,0,Pohnpeian,0,Mwokilese,0,Pohnpeian,"Pohnpeian,English",Bilingual,English,English,English,Pohnpeian ,Pohnpeian ,English ,English ,English ,Pohnpeian 
8,Pohnpeian,1,"English,Mwokilese,Pingelapese",3,,0,"Pohnpeian,English,Mwokilese,Pingelapese",1,"Mwokilese,Pohnpeian,English",1,English,"Pohnpeian,English",Bilingual,"Pohnpeian,English",Bilingual,English,"Pohnpeian,Mwokilese","Pohnpeian,Mwokilese,Pingelapese",English,English,"Pohnpeian,English","Pohnpeian,Mwokilese"
9,Tagalog,1,"Tagalog,English",2,,0,"Tagalog,English",1,"Tagalog,English",1,English,"English,Tagalog",Bilingual,"English,Tagalog",Bilingual,"Tagalog,English",Tagalog,"Tagalog,English",English,"Tagalog,English","Tagalog,English",Tagalog
10,Yapese ,1,English ,1,Chuukese,1,Chuukese,0,Yapese,0,English,English,English,English ,English,English ,Yapese,English ,English ,English ,English ,Yapese
11,English,1,Pohnpeian,1,Spanish,1,English,1,English,1,Pohnpeian,English,English,English,English,English,Pohnpeian,"Pohnpeian,English",English,"Pohnpeian,English",,"English,Pohnpeian"
12,Pohnpeian,1,"English,Japanese",2,Kosraean ,1,Pohnpeian,0,Pohnpeian,0,Chinese,Pohnpeian,Non-English,English,English,English,Pohnpeian,Pohnpeian,English,English,English,Pohnpeian
13,English,1,,0,"Japanese,Kosraean,Pingelapese,Chuukese",4,"English,Pohnpeian",1,"English,Pohnpeian",1,All,English,English,English,English,English,"English,Pohnpeian","Pohnpeian,English",English,"English,Pohnpeian","Pohnpeian,English","Pohnpeian,English"
14,English,1,Pohnpeian,1,"Spanish, Kosraean ",2,English,1,English,1,"Spanish,French",English,English,English,English,English,English,"Pohnpeian,English",English,Pohnpeian,,English
15,English,1,,0,Spanish,1,English,1,English,1,Pohnpeian,English,English,English,English,English,English,English,English,English,English,English
16,English,1,French,1,"Spanish,Russian,Pohnpeian",3,English,1,English,1,"Russian,Pohnpeian",English,English,English,Bilingual,English,English,"English,French ","English,French,Spanish","English,Pohnpeian",,English
17,English,1,German,1,"Pohnpeian,Spanish",2,English,1,English,1,"Pohnpeian,Spanish",English,English,English,English,English,English,"English,Pohnpeian",English,"English,Pohnpeian ",English,English
18,English,1,,0,"Pohnpeian,Swahili,Spanish",3,English,1,English,1,,English,English,English,English,English,"English,Pohnpeian",English,English,"English,Pohnpeian",,"English,Pohnpeian"
19,Pohnpeian,1,"Mwokilese,English",2,,0,Mwokilese,0,Pohnpeian,0,Chuukese,"Pohnpeian,English",Bilingual,English,English,English,"Pohnpeian,Mwokilese",Pohnpeian,English,,,
20,Chuukese,1,English,1,,0,"Chuukese,English",1,"Chuukese,English",1,Pohnpeian,English,English,English,English,English,"Chuukese,English",English,English,English,English,Chuukese
21,Pohnpeian,1,"English,Chuukese",2,,0,Pohnpeian,0,"Pohnpeian,English",1,"Yapese,Kosraean ","Pohnpeian,English",Bilingual,English,English,English,Pohnpeian,"Pohnpeian,English,Chuukese",English,"English,Pohnpeian",English,Pohnpeian
22,Pohnpeian,1,English,1,Mortlockese,1,"Mortlockese,Pohnpeian,English",1,"Ngatikese,Pohnpeian,English",1,Japanese,English,English,"Pohnpeian,English",Bilingual,English,"Pohnpeian,English","Pohnpeian,English",English,"Pohnpeian,English","Pohnpeian,English","Pohnpeian,English"
23,Pohnpeian,1,"English,Japanese",2,"Fijian,Palauan,Kosraean,Chuukese",4,Pohnpeian,0,Pohnpeian,0,English,"English,Pohnpeian",Bilingual,English,English,English,Pohnpeian,Pohnpeian,English,English ,English,Pohnpeian
24,"English,Marshallese",2,Pohnpeian,1,French,1,"English,French,Marshallese",1,"English,Marshallese",1,"Meing,French",English,English,English,Bilingual,English,"Pohnpeian,English","English,Pohnpeian",English,"English,Pohnpeian",,"Pohnpeian,English"
25,Finnish,1,English,1,Swedish,1,"Finnish,English,Swedish",1,"Finnish,English,Swedish",1,Pohnpeian,Finnish,Non-English,Finnish,Non-English,Finnish,Finnish,"Finnish,English",English,English,,English
26,English,1,"Nepalese,French",2,"Pohnpeian,Italian,Tibetan,Chinese,Japanese",5,English,1,English,1,Pohnpeian,English,English,"English,French",Bilingual,English,English,"English,Japanese","English,Japanese",English,English,English
27,Chuukese ,1,"English,Outer Island Yapese ",2,Pohnpeian ,1,"Chuukese,Outer Island Yapese,Kosraean ",0,"English,Chuukese,Kosraean, Outer island Yapese,Japanese",1,Pohnpeian,Chuukese,Non-English,"English,Chuukese ",Bilingual,English ,"Chuukese,English ","English,Chuukese ",English ,English ,,"Chuukese,English "
28,Pohnpeian,1,Tagalog,1,,0,Pohnpeian,0,"English,Pohnpeian",1,Tagalog,"English,Pohnpeian",Bilingual,"English,Pohnpeian",Bilingual,English,Pohnpeian,Pohnpeian,English,Pohnpeian,Pohnpeian,Pohnpeian
29,Pingelapese,1,"Pohnpeian,English",2,,0,"Pingelapese,Pohnpeian,English",1,"Pingelapese,Pohnpeian,English",1,"Pohnpeian,English","Pingelapese,Mwokilese,Pohnpeian,English",Bilingual,"Pohnpeian,English",Bilingual,English,Pingelapese,"Pingelapese,Pohnpeian,English",English,"Pohnpeian,English","Pohnpeian,English",Pingelapese
30,English,1,,0,Japanese,1,"English,Palauan,Pohnpeian",1,"English,Japanese,Pohnpeian,Palauan",1,"Japanese,Spanish,Pohnpeian,Chuukese,Yapese,Palauan,Italian,Russian",English,English,English,English,"English,Pohnpeian","Japanese,English",English,English,English,English,"English,Japanese"
31,Pohnpeian,1,"English,Chuukese",2,"Kosraean,Chamorro",2,"Pohnpeian,Chuukese,English",1,"Pohnpeian,English",1,Chinese,English,English,English,English,,"Pohnpeian,Chuukese,English","Pohnpeian,Chuukese,English",English,"English,Pohnpeian,Chuukese",,"Pohnpeian,Chuukese"
32,Ulithian,1,"English,Pohnpeian",2,Chuukese,1,"English,Ulithian",1,"Ulithian,English",1,ASL,"English,Pohnpeian",Bilingual,English,English,English,"English,Ulithian,Palauan,Japanese","English,Pohnpeian",English,English,English,"English,Ulithian,Palauan,Japanese"
33,Pohnpeian,1,"Mwokilese,English",2,,0,"Pohnpeian,Mwokilese",0,"Mortlockese,Pohnpeian,Mwokilese",0,English,"Pohnpeian,English",Bilingual,English,English,English,"Pohnpeian,Mwokilese,English","Pohnpeian,Mwokilese,English",English,English,English,"Pohnpeian,Mwokilese"
34,Pohnpeian,1,English,1,Mortlockese,1,"Pohnpeian,English",1,"Pohnpeian,English",1,Chinese,"Pohnpeian,English",Bilingual,English,English,English,Pohnpeian,"Pohnpeian,English",English,Pohnpeian,"Pohnpeian,English",Pohnpeian
35,"Chuukese,Mortlockese",2,"Pohnpeian,English",2,,0,Chuukese,0,Mortlockese,0,"Pohnpeian,English","Pohnpeian,English",Bilingual,English,English,English,"Mortlockese,Pohnpeian","Mortlockese,Pohnpeian",English,"Pohnpeian,English","Mortlockese,Pohnpeian,English","Mortlockese,Pohnpeian"
37,Pingelapese,1,"Pohnpeian,English",2,Mwokilese,1,"Pingelapese,Pohnpeian,English",1,"Pingelapese,Pohnpeian,English,Kosraean",1,Pohnpeian,Pohnpeian,Non-English,English,English,English,Pingelapese,"Pingelapese,Pohnpeian,English",English,English,"Pingelapese,Pohnpeian,English",Pingelapese
38,Mwokilese,1,English,1,Pohnpeian,1,"Mwokilese,Pohnpeian,Kosraean,English",1,"Mwokilese,Pohnpeian,English",1,Pohnpeian,English,English,English,English,English,Mwokilese,English,English,English,English,Mwokilese
39,Pohnpeian,1,English,1,Mwokilese,1,Pohnpeian,0,Pohnpeian,0,Pohnpeian,"English,Pohnpeian",Bilingual,English,English,English,Pohnpeian,Pohnpeian,English,"English,Pohnpeian",Pohnpeian,Pohnpeian
40,Pohnpeian,1,"Mwokilese,Pingelapese",2,Kosraean,1,Pohnpeian,0,Pohnpeian,0,English,Pohnpeian,Non-English,"English,Pohnpeian",Bilingual,English,Pohnpeian,"Pohnpeian,English",English,English,English,Pohnpeian
41,Pohnpeian,1,English,1,Spanish,1,"Ngatikese,Pohnpeian,English",1,"Pohnpeian,English",1,Japanese,English,English,English,English,English,"Pohnpeian,English","Pohnpeian,English",English,English,English,"English,Pohnpeian"
36,English,1,Pohnpeian,1,Marshallese,1,English,1,"French,English",1,Pohnpeian,English,English,English,English,English,English,"English,Pohnpeian",English,"Pohnpeian,English",English,"English,Pohnpeian"
42,English,1,Pohnpeian,1,"Kosraean,Nukuoran,Chuukese",3,"English,French",1,English,1,"Irish,Spanish,French",English,English,"English,Spanish",Bilingual,English,"English,Pohnpeian","English,Pohnpeian,Kosraean","English,Pohnpeian","Pohnpeian,English","English,Pohnpeian","English,Pohnpeian"
43,Pohnpeian,1,English,1,,0,"Pohnpeian,English",1,"Pohnpeian,English",1,None,English,English,English,English,English,Pohnpeian,"English,Pohnpeian",English,,,Pohnpeian
44,Pohnpeian,1,English,1,"Chuukese,Mwokilese",2,"Pohnpeian,Mwokilese",0,Pohnpeian,0,Pohnpeian,Pohnpeian,Non-English,"English,Pohnpeian",Bilingual,English,Pohnpeian,"Pohnpeian,English",English,English,"English,Pohnpeian",Pohnpeian
45,Pohnpeian,1,English,1,,0,Pohnpeian,0,Pohnpeian,0,"Pohnpeian,English","English,Pohnpeian",Bilingual,English,English,English,Pohnpeian,Pohnpeian,"English,Pohnpeian","Pohnpeian,English","English,Pohnpeian",Pohnpeian
46,Pohnpeian,1,"Chuukese,Yapese,Outer Island Yapese,Mwokilese,Ngatikese,Pingelapese",6,"Spanish,Marshallese,Pijin",3,"Chuukese,Pohnpeian,Ngatikese,Kosraean,Mwokilese,English",1,"Pohnpeian,Chuukese,Outer island Yapese,English,Tagalog",1,Spanish,"English,Pohnpeian",Bilingual,English,English,English,Pohnpeian,"English,Pohnpeian",English,"English,Pohnpeian","English,Pohnpeian,Marshallese,Palauan,Chuukese","Pohnpeian,English"
47,Pohnpeian,1,English,1,,0,Pohnpeian,0,Pohnpeian,0,None,"Pohnpeian,English",Bilingual,"Pohnpeian,English",Bilingual,English,"Pohnpeian,English","Pohnpeian,English",English,"Pohnpeian,English","Pohnpeian,English","Pohnpeian,English"
48,Pohnpeian,1,English,1,,0,Pohnpeian,0,Pohnpeian,0,French,English,English,English,English,,Pohnpeian,"English,Pohnpeian",English,English,English,Pohnpeian
49,Mortlockese,1,"Chuukese,Pohnpeian,English",3,Carolinian,1,Mortlockese,0,Mortlockese,0,Pohnpeian,Mortlockese,Non-English,English,English,English,Mortlockese,"Mortlockese,Pohnpeian,Chuukese,English",English,"English,Pohnpeian","English,Pohnpeian",Mortlockese
50,Pohnpeian,1,"English,Chinese",2,"Japanese,Spanish,ASL,Tagalog",4,"English,Pohnpeian",1,"Kosraean,Japanese,Pohnpeian,English,Chuukese",1,"Chinese,Japanese,ASL,Spanish",English,English,"English,Pohnpeian",Bilingual,English,"English,Pohnpeian","English,Pohnpeian",English,"English,Pohnpeian","English,Pohnpeian","English,Pohnpeian"
51,Pohnpeian,1,English,1,,0,Pohnpeian,0,Pohnpeian,0,"Pohnpeian,English","English,Pohnpeian",Bilingual,,None,English,Pohnpeian,"Pohnpeian,English",English,,English,Pohnpeian
52,Pohnpeian,1,English,1,Ngatikese,1,Pohnpeian,0,Pohnpeian,0,"Pohnpeian,English,Chinese","Pohnpeian,English",Bilingual,English,English,English,"Pohnpeian,English","Pohnpeian,English,Ngatikese",English,"English,Pohnpeian",English,"Pohnpeian,English"
53,Pohnpeian,1,English,1,"Ngatikese,Spanish",2,Pohnpeian,0,Pohnpeian,0,Spanish,"Pohnpeian,English",Bilingual,English,English,English,Pohnpeian,English,English,English,English,"English,Pohnpeian,Spanish"
15683,Pohnpeian,1,"Kosraean,English",2,Mwokilese,1,"Kosraean,English,Pohnpeian",1,"Pohnpeian,English",1,Japanese,"Pohnpeian,English",Bilingual,"Pohnpeian,English",Bilingual,English,Pohnpeian,"Pohnpeian,English","Pohnpeian,English",Pohnpeian,Pohnpeian,Pohnpeian
17470,Mwokilese,1,"Pingelapese,English",2,Pohnpeian,1,"Pingelapese,Pohnpeian,Mwokilese",0,"English,Mwokilese",1,Japanese,English,English,"English,Pohnpeian",Bilingual,English,"Mwokilese,Pingelapese,English","Pohnpeian,Pingelapese,Mwokilese,English",English,"English,Pohnpeian","English,Pohnpeian,Mwokilese,Pingelapese","Mwokilese,Pingelapese,English"
17727,Kosraean,1,English,1,,0,"Kosraean,English",1,"Kosraean,English",1,,English,English,"English,Kosraean",Bilingual,"Kosraean,English",Kosraean,"Kosraean,English",English,"Kosraean,English",English,Kosraean
18793,Pohnpeian,1,English,1,Kosraean,1,English,1,English,1,,English,English,"English,Pohnpeian",Bilingual,English,Pohnpeian,"English,Pohnpeian",English,"English,Pohnpeian",English,Pohnpeian
20113,Chuukese,1,"Pohnpeian,English",2,,0,"Chuukese,Pohnpeian",0,Pohnpeian,0,,Pohnpeian,Non-English,English,English,English,Chuukese,"Pohnpeian,Chuukese,English",English,English,English,Chuukese
20621,Pohnpeian,1,English,1,"Korean,Tagalog,Japanese",3,"Pohnpeian,English",1,"Pohnpeian,English",1,,"Pohnpeian,English",Bilingual,English,English,English,"Pohnpeian,English,Japanese,Tagalog,Korean","Pohnpeian,English",English,"English,Pohnpeian","Pohnpeian,English","English,Pohnpeian,Japanese"
21815,English,1,"Kosraean,Pohnpeian,Chinese",3,,0,"English,Kosraean",1,"English,Chinese",1,"Chuukese,Samoan",English,English,English,English,English,"English,Kosraean,Chinese","English,Kosraean,Chinese,Pohnpeian",English,English,English,"English,Chinese,Korean"
22150,English,1,Pohnpeian,1,,0,"English,Pohnpeian",1,"English,Tagalog",1,,English,English,English,English,English,"English,Pohnpeian","English,Pohnpeian",English,English,"English,Pohnpeian","English,Pohnpeian"
22303,Pohnpeian,1,"Mortlockese,Chinese,English",3,Chinese,1,Pohnpeian,0,Pohnpeian,0,,Pohnpeian,Non-English,"English,Pohnpeian",Bilingual,English,Pohnpeian,"English,Pohnpeian",English,English,"English,Pohnpeian",Pohnpeian
23068,Chuukese,1,English,1,Japanese,1,Chuukese,0,Chuukese,0,,Chuukese,Non-English,"Chuukese,English",Bilingual,English,Chuukese,English,English,English,"English,",Chuukese
23271,Pohnpeian,1,,0,English,1,Pohnpeian,0,Pohnpeian,0,,Pohnpeian,Non-English,English,English,English,Pohnpeian,Pohnpeian,English,,English,Pohnpeian
23583,Pohnpeian,1,Mortlockese,1,English,1,"Mortlockese,Pohnpeian",0,Pohnpeian,0,English,Pohnpeian,Non-English,Pohnpeian,Non-English,,"Mortlockese,Pohnpeian","Pohnpeian,Mortlockese",English,,"Mortlockese,Pohnpeian","Mortlockese,Pohnpeian"
24197,English,1,"Papiamento,German",2,"Korean,Spanish",2,"Danish,English",1,"Korean,English",1,,English,English,English,English,English,English,English,English,"English,Fijian",,"English,Papiamento,Fijian,Korean,German"
26383,Pohnpeian,1,English,1,Ngatikese,1,"Ngatikese,Pohnpeian,English",1,"Pohnpeian,English",1,,English,English,English,English,English,"Pohnpeian,English","Pohnpeian,English",English,,"Pohnpeian,English","Pohnpeian,English"
28423,Mortlockese,1,"Pohnpeian,English",2,Chuukese,1,"Chuukese,English,Pohnpeian,Mortlockese",1,"Chuukese,Pohnpeian,English",1,,English,English,English,English,English,"Chuukese,Mortlockese","Pohnpeian,English",English,,English,"Chuukese,Mortlockese"
28603,Ilocano,1,"Tagalog,English",2,"Spanish,Chinese,Japanese",3,"Ilocano,Tagalog,English",1,"Ilocano,Tagalog,English",1,"Chinese,Japanese",English,English,English,English,English,"Tagalog,English","Tagalog,English",English,English,English,"Tagalog,English"
29207,Pohnpeian,1,,0,Mortlockese,1,Pohnpeian,0,"Pohnpeian,Mortlockese",0,,"Pohnpeian,English",Bilingual,"Pohnpeian,English",Bilingual,"Pohnpeian,English","Pohnpeian,Mortlockese","Pohnpeian,Mortlockese,English",English,"Pohnpeian,English","Pohnpeian,English","Pohnpeian,Mortlockese"
30620,Pohnpeian,1,English,1,English,1,Pohnpeian,0,Pohnpeian,0,,Pohnpeian,Non-English,"Pohnpeian,English",Bilingual,,Pohnpeian,Pohnpeian,English,Pohnpeian,Pohnpeian,Pohnpeian
30792,Satawalese,1,English,1,Pohnpeian,1,"Satawalese,Outer Island Yapese,Carolinian,English",1,"English,Satawalese",1,,English,English,"English,Samoan",Bilingual,English,"English,Satawalese",English,English,English,English,"English,Satawalese"
31655,Kosraean,1,English,1,"Pohnpeian,Tagalog",2,Kosraean ,0,Kosraean,0,,"Kosraean,English",Bilingual,"English,Kosraean",Bilingual,English,Kosraean,"Kosraean,English",English,,English,Kosraean
31720,Pohnpeian,1,English,1,,0,Pohnpeian,0,"Pohnpeian,English",1,English,Pohnpeian,Non-English,Pohnpeian,Non-English,,Pohnpeian,Pohnpeian,"English,Pohnpeian",Pohnpeian,,Pohnpeian
32465,Pohnpeian,1,English,1,Chuukese,1,Pohnpeian,0,Pohnpeian,0,,"Mortlockese,Chuukese",Non-English,English,English,English,Pohnpeian,Pohnpeian,English,English,English,Pohnpeian
33615,Chuukese,1,"Pohnpeian,English",2,Yapese,1,Chuukese,0,Chuukese,0,English,English,English,"English,Pohnpeian",Bilingual,English,Chuukese,"Chuukese,Pohnpeian",English,"English,Pohnpeian,Chuukese","Chuukese,English,Pohnpeian","Chuukese,Pohnpeian"
34917,Pohnpeian,1,English,1,Chuukese,1,Pohnpeian,0,Pohnpeian,0,"Pohnpeian,English","Pohnpeian,English",Bilingual,"Pohnpeian,English",Bilingual,English,"Pohnpeian,English","Pohnpeian,English","Pohnpeian,English",,"English,Pohnpeian","Pohnpeian,English"
35617,Pohnpeian,1,English,1,Japanese,1,Pohnpeian,0,"English,Pohnpeian",1,Pohnpeian,English,English,English,English,Pohnpeian,Pohnpeian,Pohnpeian,English,Pohnpeian,"Pohnpeian,English",Pohnpeian
35683,Pohnpeian,1,English,1,Pingelapese,1,Pohnpeian,0,"Pohnpeian,Pingelapese",0,,Pohnpeian,Non-English,English,English,,,Pohnpeian,English,,"Pohnpeian,English",Pohnpeian
35718,English,1,Pohnpeian,1,Tagalog,1,"Tagalog,Pohnpeian,English",1,"English,Pohnpeian",1,"Tagalog,Chuukese",English,English,English,English,,"English,Pohnpeian","English,Pohnpeian",English,English,"English,Pohnpeian",English
36087,Ulithian,1,English,1,Pohnpeian,1,Ulithian,0,Yapese,0,,"Ulithian,English",Bilingual,"Ulithian,English",Bilingual,English,"Ulithian,English","Ulithian,English",English,English,English,"Ulithian,English"
36100,Marshallese,1,"Pohnpeian,English",2,"Palauan,Chuukese",2,Marshallese,0,"Marshallese,English,Japanese",1,,"Marshallese,English",Bilingual,English,English,English,"Pohnpeian,Marshallese","Marshallese,Pohnpeian,English",English,"English,Pohnpeian","English,Pohnpeian","Pohnpeian,Marshallese"
36444,Pohnpeian,1,English,1,,0,Pohnpeian,0,"English,Pohnpeian",1,French,"Pohnpeian,English",Bilingual,English,English,English,"Pohnpeian,English","Pohnpeian,English",English,"Pohnpeian,English",English,"Pohnpeian,English"
36487,Pohnpeian,1,"English,Chuukese",2,"Marshallese,Japanese",2,"Pohnpeian,English",1,"Pohnpeian,Chuukese,English",1,,English,English,English,English,English,Pohnpeian,"Pohnpeian,English",English,"English,Pohnpeian",English,Pohnpeian
36815,Mortlockese,1,"Pohnpeian,English",2,"Mwokilese,Pingelapese",2,"Mortlockese,Pohnpeian",0,"Mortlockese,Mwokilese,Pohnpeian",0,"Mwokilese,Pingelapese","Pohnpeian,English",Bilingual,"Pohnpeian,English",Bilingual,,"Mortlockese,Pohnpeian","Mortlockese,Pohnpeian",English,"English,Pohnpeian",Pohnpeian,"Mortlockese,Pohnpeian"
37487,English,1,"Yapese,Outer Island Yapese",2,"Palauan,Japanese",2,"Yapese,Outer Island Yapese",0,"Yapese,Palauan",0,,"English,Yapese,Outer Island Yapese",Bilingual,"English,Yapese",Bilingual,English,"Yapese,English,Outer Island Yapese","Yapese,English,Outer Island Yapese",English,,"Yapese,English,Outer Island Yapese","English,Yapese,Outer Island Yapese"
38002,Kosraean,1,English,1,Pohnpeian,1,Kosraean ,0,Kosraean,0,,"English,Kosraean",Bilingual,English,English,English,Kosraean,"English,Kosraean",English,Kosraean,"English,Kosraean",Kosraean
38490,Kosraean,1,"Pohnpeian,English",2,,0,Kosraean ,0,"English,Marshallese",1,,"English,Kosraean",Bilingual,"English,Kosraean",Bilingual,"English,Pohnpeian","Kosraean,English","Kosraean,English,Pohnpeian","Pohnpeian,English","Pohnpeian,Kosraean,English","English,Pohnpeian",Kosraean
38800,Pohnpeian,1,English,1,"Kosraean,Spanish,Marshallese",3,"English,Spanish,Portuguese",1,"Pohnpeian,English",1,"English,Pohnpeian",English,English,English,English,English,"Pohnpeian,English","Pohnpeian,English",English,"English,Pohnpeian","English,Pohnpeian","Pohnpeian,English"
39119,Pingelapese,1,Chuukese,1,,0,"Chuukese,English,Pingelapese",1,"Chuukese,English",1,,Chuukese,Non-English,"English,Chuukese ",Bilingual,English,Chuukese,"Chuukese,English",English,English,English,Chuukese
39292,Pohnpeian,1,English,1,Kosraean,1,Pohnpeian,0,Pohnpeian,0,,English,English,English,English,English,Pohnpeian,Pohnpeian,English,,Pohnpeian,Pohnpeian
39333,Pohnpeian,1,English,1,Mwokilese,1,Pohnpeian,0,"Pohnpeian,English",1,English,"Pohnpeian,English",Bilingual,English,English,,Pohnpeian,Pohnpeian,English,,Pohnpeian,Pohnpeian
39827,Pohnpeian,1,Mwokilese,1,"Mortlockese,Pingelapese,Ngatikese",3,Pohnpeian,0,"Pohnpeian,English",1,,"English,Pohnpeian",Bilingual,English,English,English,"Pohnpeian,English","Pohnpeian,English",English,"English,Pohnpeian","English,Pohnpeian","Pohnpeian,English"
39955,Mortlockese,1,"Kosraean,Pohnpeian,Mortlockese",3,English,1,"Kosraean,Mortlockese",0,Mortlockese,0,,English,English,English,English,English,"Mortlockese,Kosraean","Kosraean,Pohnpeian,Mortlockese",English,"Kosraean,Pohnpeian",English,Kosraean
40127,Chuukese,1,English,1,"Pohnpeian,Yapese",2,Chuukese,0,Chuukese,0,"English,Pohnpeian",English,English,English,English,English,"English,Chuukese","English,Chuukese",English,English,English,"Chuukese,English"
40181,Pingelapese,1,"Pohnpeian,Kosraean,Mwokilese",3,,0,Mwokilese,0,Pingelapese,0,,English,English,English,English,English,Pingelapese,Pingelapese,English,English,English,Pingelapese
40544,Pohnpeian,1,English,1,"Tagalog,Japanese",2,"Pohnpeian,English",1,"Tagalog,Pohnpeian,English",1,,"Pohnpeian,English",Bilingual,"English,Pohnpeian,Japanese",Bilingual,English,"Pohnpeian,English","English,Pohnpeian",English,"English,Pohnpeian","English,Pohnpeian",Pohnpeian
40870,English,1,Pohnpeian,1,,0,"English,Korean,Pohnpeian",1,"English,Pohnpeian",1,,English,English,English,English,,English,"English,Pohnpeian",English,,English,English
43483,Kosraean,1,English,1,Chuukese,1,Kosraean ,0,Kosraean,0,Japanese,"Kosraean,English",Bilingual,"English,Japanese",Bilingual,English,Kosraean,"English,Kosraean",English,"English,Kosraean","English,Kosraean",Kosraean
43581,Pohnpeian,1,Mortlockese,1,English,1,Pohnpeian,0,Pohnpeian,0,,Pohnpeian,Non-English,,None,,Pohnpeian,Pohnpeian,Pohnpeian,Pohnpeian,Pohnpeian,Pohnpeian
43966,Pohnpeian,1,English,1,,0,"Pohnpeian,English",1,"Pohnpeian,English",1,,English,English,English,English,English,Pohnpeian,"Pohnpeian,English",English,"Pohnpeian,English","Pohnpeian,English",Pohnpeian
44046,English,1,Pohnpeian,1,,0,"English,Pohnpeian",1,"English,Mortlockese",1,,English,English,English,English,,"English,Pohnpeian","English,Pohnpeian",English,"English,Pohnpeian",,"English,Pohnpeian"
44715,Pohnpeian,1,English,1,,0,"Pohnpeian,Mwokilese,English",1,Pohnpeian,0,,"Pohnpeian,English",Bilingual,"Pohnpeian,English",Bilingual,English,Pohnpeian,"Pohnpeian,English",English,"Pohnpeian,English","Pohnpeian,English",Pohnpeian
45807,Pohnpeian,1,English,1,Chuukese,1,"Pohnpeian,English",1,"Pohnpeian,English",1,,"Pohnpeian,English",Bilingual,English,English,English,Pohnpeian,Pohnpeian,English,"Pohnpeian,English","English,Pohnpeian",Pohnpeian
45944,Visayan,1,"English,Tagalog",2,,0,"Visayan,English",1,"Visayan,English",1,,"English,Tagalog",Bilingual,"English,Tagalog",Bilingual,"English,Tagalog",Visayan,"Tagalog,Visayan",English,English,English,Visayan
46366,Pohnpeian,1,English,1,Mwokilese,1,"English,Pohnpeian",1,Mwokilese,0,Chinese,English,English,English,English,English,Pohnpeian,Pohnpeian,English,,English,Pohnpeian
46547,Pohnpeian,1,"English,Pohnpeian,Mortlockese",3,Mwokilese,1,Pohnpeian,0,Pohnpeian,0,Tagalog,Pohnpeian,Non-English,Pohnpeian,Non-English,,"Pohnpeian,Mortlockese","Pohnpeian,Mortlockese",English,"English,Pohnpeian",Pohnpeian,"Pohnpeian,Mortlockese"
47321,Chuukese,1,"English,Pohnpeian",2,,0,"English,Chuukese",1,"English,Chuukese",1,,"Chuukese,English",Bilingual,English,English,English,Chuukese,"Chuukese,Pohnpeian,English",English,English,English,"Chuukese,English"
47892,Pohnpeian,1,,0,English,1,Pohnpeian,0,Pohnpeian,0,English,Pohnpeian,Non-English,"Pohnpeian,English",Bilingual,,Pohnpeian,Pohnpeian,Pohnpeian,,Pohnpeian,Pohnpeian
48060,Urdu,1,"Punjabi,English",2,Pohnpeian,1,"Punjabi,Urdu",0,"Punjabi,Urdu",0,Pohnpeian,Urdu,Non-English,"Urdu,English",Bilingual,"Urdu,English","Urdu,English","Urdu,English",English,English,English,English
48364,English,1,,0,Pohnpeian,1,"Tagalog,English,Pohnpeian",1,"English,Pohnpeian",1,Mwokilese,English,English,English,English,,English,English,English,,English,English
48849,Yapese,1,English,1,Outer Island Yapese,1,Yapese,0,Yapese,0,,English,English,English,English,English,English,English,English,English,English,Yapese
49578,Pohnpeian,1,"Kosraean,English,Mortlockese",3,Chuukese,1,"Pohnpeian,English,Kosraean,Mortlockese",1,"Kosraean,Pohnpeian,English",1,Meing,English,English,English,English,English,"Pohnpeian,English","English,Pohnpeian",English,"English,Pohnpeian","English,Pohnpeian","Pohnpeian,English"
49746,Pohnpeian,1,,0,,0,Pohnpeian,0,Pohnpeian,0,,Pohnpeian,Non-English,,None,,Pohnpeian,Pohnpeian,Pohnpeian,,Pohnpeian,Pohnpeian
50259,Kosraean,1,English,1,Pohnpeian,1,"Kosraean,English,Pohnpeian",1,"Kosraean,English,Pohnpeian",1,,"English,Kosraean",Bilingual,English,English,English,Kosraean,Kosraean,English,,"Kosraean,English",Kosraean
51150,Pingelapese,1,"Mwokilese,English",2,Pohnpeian,1,"Pohnpeian,Pingelapese",0,"Pohnpeian,Pingelapese",0,Pohnpeian,"Pingelapese,Pohnpeian",Non-English,"English,Pohnpeian",Bilingual,English,Pingelapese,"Pingelapese,Pohnpeian,English",English,"English,Pohnpeian","English,Pohnpeian",Pingelapese
51615,Mortlockese,1,Pohnpeian,1,Pingelapese,1,Mortlockese,0,Mortlockese,0,,Mortlockese,Non-English,Pohnpeian,Non-English,English,Mortlockese,Pohnpeian,English,"Pohnpeian,English",Pohnpeian,Mortlockese
52276,Pohnpeian,1,,0,English,1,Pohnpeian,0,Pohnpeian,0,,English,English,English,English,English,"Pohnpeian,English",Pohnpeian,English,"Pohnpeian,English","Pohnpeian,English",Pohnpeian
52309,Pohnpeian,1,,0,English,1,Pohnpeian,0,Pohnpeian,0,,Pohnpeian,Non-English,"English,Pohnpeian",Bilingual,English,Pohnpeian,Pohnpeian,English,Pohnpeian,Pohnpeian,Pohnpeian
52503,Pohnpeian,1,English,1,,0,Pohnpeian,0,Pohnpeian,0,,Pohnpeian,Non-English,English,English,English,Pohnpeian,Pohnpeian,English,Pohnpeian,"English,Pohnpeian",Pohnpeian
52585,Mortlockese,1,Pohnpeian,1,English,1,"Mortlockese,English",1,"Mortlockese,Pohnpeian,English",1,,Mortlockese,Non-English,Pohnpeian,Non-English,English,"Mortlockese,Pohnpeian","Mortlockese,Pohnpeian",English,,"Mortlockese,Pohnpeian","Mortlockese,Pohnpeian"
54547,Pohnpeian,1,English,1,Kosraean,1,"Pohnpeian,English",1,"Pohnpeian,English,Kosraean",1,,English,English,"English,Pohnpeian",Bilingual,"English,Pohnpeian,Tagalog",English,Pohnpeian,English,"English,Pohnpeian","Pohnpeian,English","English,Pohnpeian"
57159,Pohnpeian,1,English,1,,0,Pohnpeian,0,Pohnpeian,0,,Pohnpeian,Non-English,English,English,English,Pohnpeian,"English,Pohnpeian",English,,"Pohnpeian,English",Pohnpeian
57371,Kosraean,1,English,1,Visayan,1,"Kosraean,English",1,"Kosraean,English",1,,Tagalog,Non-English,"Kosraean,English",Bilingual,English,"Kosraean,English","Kosraean,English",English,English,"Kosraean,English",Kosraean
57996,Pohnpeian,1,English,1,Mortlockese,1,"Pohnpeian,Mortlockese",0,Pohnpeian,0,,"Pohnpeian,English",Bilingual,"Pohnpeian,English",Bilingual,"English,Pohnpeian",Pohnpeian,Pohnpeian,English,"Pohnpeian,English","English,Pohnpeian",
58657,Kosraean,1,English,1,Pohnpeian,1,Kosraean ,0,"Kosraean,Japanese",0,,Kosraean,Non-English,English,English,English,Kosraean,"English,Kosraean",English,English,English,Kosraean
59361,English,1,Pohnpeian,1,Ngatikese,1,"English,Pohnpeian",1,"English,Pohnpeian,Ngatikese",1,,English,English,English,English,English,"English,Pohnpeian",Pohnpeian,English,Pohnpeian,"English,Pohnpeian","English,Pohnpeian"
59420,Pohnpeian,1,English,1,Chuukese,1,Mwokilese,0,Pohnpeian,0,,English,English,English,English,English,Pohnpeian,Pohnpeian,English,Pohnpeian,English,Pohnpeian
59701,Pohnpeian,1,,0,English,1,Pohnpeian,0,Pohnpeian,0,,Pohnpeian,Non-English,Pohnpeian,Non-English,,Pohnpeian,,English,"English,Pohnpeian",Pohnpeian,Pohnpeian
59896,English,1,"Pohnpeian,Chuukese",2,,0,"English,Chuukese",1,"English,Chuukese",1,,English,English,English,English,English,"English,Chuukese","Pohnpeian,English,Chuukese",English,,English,"English,Chuukese"
59917,Kosraean,1,English,1,,0,Kosraean ,0,Kosraean,0,,English,English,English,English,English,Kosraean,"Kosraean,English",English,English,Kosraean,Kosraean
60543,Pohnpeian,1,"Chuukese,English",1,Spanish,1,,0,Pohnpeian,0,,"Pohnpeian,English",Bilingual,English,English,English,,"English,Pohnpeian",English,"Pohnpeian,English",English,English
60573,Pohnpeian,1,English,1,"Kosraean,Chuukese,Yapese",3,Pohnpeian,0,"Pohnpeian,English",1,,"Pohnpeian,English",Bilingual,"English,Pohnpeian",Bilingual,English,Pohnpeian,"Pohnpeian,English",English,,"English,Pohnpeian",Pohnpeian
60692,Pohnpeian,1,English,1,Mwokilese,1,"Pohnpeian,Mwokilese,English",1,"Pohnpeian,English",1,,English,English,"English,Pohnpeian",Bilingual,English,Pohnpeian,"Pohnpeian,English",English,"English,Pohnpeian","English,Pohnpeian",Pohnpeian
60731,Pingelapese,1,"Kosraean,Mwokilese,Pohnpeian",3,English,1,"Pingelapese,Kosraean",0,"Pingelapese,Kosraean,Marshallese,Mwokilese",0,,English,English,English,English,English,"Pingelapese,Kosraean","Pingelapese,English,Kosraean",English,"Pohnpeian,English,Kosraean",English,Pingelapese
60986,English,1,,0,"Japanese,Pohnpeian",2,"Palauan,English,Pohnpeian",1,"Palauan,Japanese,English,Pohnpeian",1,"Palauan,Japanese,English,Pohnpeian,Chuukese,Yapese,Kosraean",English,English,English,English,"English,Pohnpeian","English,Japanese",English,English,"English,Japanese","English,Japanese","English,Japanese"
61273,English,1,,0,Pohnpeian,1,Pohnpeian,0,Pohnpeian,0,,English,English,English,English,English,English,English,English,English,English,English
61822,Mwokilese,1,,0,"English,Pohnpeian",2,"Pohnpeian,English,Mwokilese",1,"Pohnpeian,Mwokilese,English",1,,Pohnpeian,Non-English,English,English,English,Mwokilese,Pohnpeian,English,,Pohnpeian,Mwokilese
63943,Pohnpeian,1,English,1,Kosraean,1,Pohnpeian,0,Pohnpeian,0,,"English,Pohnpeian",Bilingual,English,English,English,Pohnpeian,"Pohnpeian,English",English,Pohnpeian,"English,Pohnpeian",Pohnpeian
64912,Pohnpeian,1,English,1,Chuukese,1,"Chuukese,Pohnpeian",0,"Chuukese,Pohnpeian",0,,Pohnpeian,Non-English,"Pohnpeian,English",Bilingual,English,Pohnpeian,Pohnpeian,English,"English,Pohnpeian",English,Pohnpeian
65523,Chuukese,1,"Pohnpeian,English",2,Japanese,1,"Chuukese,Pohnpeian",0,"Chuukese,Pohnpeian",0,,"Chuukese,Pohnpeian,English",Bilingual,English,English,English,"Chuukese,English,Pohnpeian","Chuukese,English,Pohnpeian",English,English,"English,Pohnpeian","Chuukese,Pohnpeian,English"
