questionnaire_id,age,sex,birth_location,home_island,home_village,citizenship,current_muni,current_village,time_fsm,time_pni,pni_current_place,travelled_abroad,travel_location,education,elementary_type,hs_type,children,occupation,occupation_mother,occupation_father,mother_islandvill,father_islandvill,lang1,lang_well,lang_little,meing,lang_mother,lang_father,lang_children,lang_better,elem_lang,hs_lang,lang_college,family_lang,friends_lang,foreign_lang,word_lang,school_lang,home_lang,making_friends,being_successful,good_education,happy_relationships,getting_money,reading,writing,radio,tv,accepted_pni,talking_teachers,talking_villages,funerals,kamadipw,sakau,facebook,talking_kolonia,talking_chief,talking_gov,good_job,friends_school,church,store,talking_neighbors,us_relatives,local_lang,english_more_import_local,english_smarter,eng_pni_diff,learn_pni_first,pni_more_import_eng,pni_jobs_pni,pni_jobs_abroad,eng_jobs_abroad,eng_jobs_pni,many_lang_easy,many_lang_important,one_lang_life_diff,eng_more_import_pni,sad.pni.no.pni,sad_pni_no_eng,sad_pni_abroad,sad_eng_abroad,youths_bad_eng,youths_bad_pni,micros_need_eng,pnis_need_eng,kolonia_need_eng,all_lang_live_together,pni_unfashionable,eng_more_val_pni,micro_youth_like_eng,micro_older_like_eng,mehn_wai_need_learn_pni,pni_youth_like_pni,pni_older_like_pni,pni_important_pni,pni_simpler_eng,choose_pni,choose_eng,feel_positive_pni,to_be_pni_speak_pni,cant_pni_no_pni,quiet,stupid,loud,kindhearted,feminine,masculine,honest,modern,attractive,successful,peaceful,violent,young,poor,old,rich,pretentious,proud,respectful,wise,patriotic,cultured,showoffs,humble,generous,uneducated,desc_pni,desc_eng
1,18 -- 24,Male,Yap State,Satawal and Woleai,,FSM,Nett,Mabusi,10 - 19 years,5 - 9 years,0 - 4 years,Yes,I travel to Ebeye(Marshall island) lived there for 5 years,"Some high school, no diploma",Private school,Public school,0,employee to Naime Fashion ,none,Medical director of public health emergency and Hospital preparedness   ,Satawal/Woleai,Satawal/Woleai,Yap,Marshall,Pohnpeian ,Not at all,Yap/English,Yap/English,Yap/English,English,English,Yap,,Yap/chuuk,English,English,Pohnpeian/English,English,Yap/Chuuk,English,English,English,English,English,English,English,English,English,English,English,English,English,English,Other,English,English,English,English,English,English,English,English,English,Other,Agree,Agree,Disagree,Agree,Disagree,Disagree,Agree,Disagree,Agree,Agree,Disagree,Agree,Agree,Agree,Agree,Agree,Disagree,Agree,Agree,Disagree,Agree,Agree,Agree,Agree,Disagree,Disagree,Agree,Agree,Agree,Agree,Agree,Agree,Disagree,Disagree,Agree,Agree,Agree,Agree,3,2,4,3,3,2,2,3,3,3,3,3,3,3,3,3,3,3,3,3,3,3,3,3,3,3,,
2,35 -- 44,Male,Philippines,Philippines,Philippines,Philippines,Nett,,10 - 19 years,10 - 19 years,10 - 19 years,Yes,California for one month,Bachelor's degree,Public school,Private school,2,Teacher,Teacher,Teacher,Philippines,Philippines,Ilocano,"Tagalog, English",Pohnpeian,Not at all,Ilocano,Ilocano,English,Pohnpeian,English,English,English,Tagalog,Tagalog,English,English,English,Tagalog,English,English,English,Other,English,English,English,English,Mokilese,Pohnpeian,English,Pohnpeian,Pohnpeian,Pohnpeian,Pohnpeian,English,English,Pohnpeian,English,English,English,English,English,English,English,Agree,Agree,Agree,Agree,Disagree,Disagree,Agree,Disagree,Agree,Agree,Agree,Agree,Agree,Agree,Disagree,Agree,Agree,Agree,Disagree,Disagree,Agree,Agree,Agree,Agree,Disagree,Agree,Agree,Agree,Agree,Agree,Agree,Agree,Disagree,Disagree,Agree,Agree,Agree,Agree,3,1,1,3,1,1,3,3,,3,3,1,3,1,1,1,1,1,3,3,3,3,1,3,3,1,"Interesting, ",excellent
3,55 -- 64,Female,Pohnpei State,MOKIL,lIKINKEL,FSM,Nett,NANPOHNMAL,40 or more years,40 or more years,20 - 29 years,Yes,HAWAII / GUAM  X 2 WEEKS AND MORE,Master's degree,Public school,Public school,4,EDUCATION OFFICER,HOUSEWIFE,MAINTENANCE/CARPENTER,MOKIL,MOKIL,MOKILESE,"MOKILESE, POHNPEAN, ENGLISH AND MARSHALLESE",CHUUKESE (LAGOON DIALECT),Not at all,MOKILESE,MOKILESE,"MOKILESE, POHNPEAN, ENGLISH & MARSHALLESE",POHNPEIAN / MEING,MOKILESE/POHNPEIAN & ENGLISH,ENGLISH,ENGLISH,"MOKILESE, MARSHALLESE",ENGLISH,ENGLISH,ENGLISH,ENGLISH,"MOKILESE, MARSHALLESE, SOME ENGLISH",English,English,Pohnpeian,Mokilese,English,English,English,Pohnpeian,English,Pohnpeian,,Pohnpeian,Mokilese,Mokilese,Pohnpeian,English,Pohnpeian,Pohnpeian,English,English,English,Mokilese,Mokilese,Mokilese,Mokilese,Agree,Disagree,Disagree,Agree,Agree,Agree,Agree,Disagree,Disagree,Disagree,Agree,Disagree,Agree,Disagree,Agree,Disagree,Agree,Agree,Agree,Agree,Disagree,Disagree,Disagree,Agree,Agree,Disagree,Agree,Disagree,Agree,Disagree,Agree,Agree,Agree,Agree,Disagree,Agree,Disagree,Disagree,2,1,1,3,1,1,1,1,,1,1,1,1,1,1,1,1,4,4,4,3,3,1,3,1,1,"HUMBLE, RESPECFUL, FRIENDLY, UNIQUE, BEAUTIFUL!","EDUCATIONAL, COMPLEX, WIDELY USED, EASY TO LEARN, POPULAR "
4,35 -- 44,Female,Pohnpei State,Pohnpei,Sokehs,FSM,Sokehs,Kolonia,30 - 39 years,30 - 39 years,10 - 19 years,Yes,"Kansas, Missouri-5yrs/Guam-4 days/RMI-5 days/Hawaii-2 days","Some college, no degree",Private school,Private school,4,Administrative Assistant-IOM,Small business Guarentee-Loan Manager,Pohnpei Port Authority Sea Port Manager,Lehiak Madolenimw,Oaumoar Sokehs,Pohnpei,English,Ngatik/Pingelap,Well,Pohnpei,Pohnpei,Pohnpei/English,Spanish,English,English,English,Pohnpei,Pohnpei/English,English,English,English,Pohnpei,English,English,English,Pohnpeian,English,English,English,English,English,Pohnpeian,English,Pohnpeian,Pohnpeian,Pohnpeian,Pohnpeian,English,Pohnpeian,Pohnpeian,Pohnpeian,English,English,Pohnpeian,Pohnpeian,Pohnpeian,Pohnpeian,Agree,Agree,Disagree,Agree,Agree,Agree,Disagree,Disagree,Agree,Agree,Disagree,Agree,Agree,Agree,Agree,Agree,Agree,Agree,Agree,Agree,Agree,Agree,Agree,Agree,Disagree,Disagree,Agree,Disagree,Agree,Agree,Agree,Agree,Disagree,Agree,Agree,Agree,Agree,Disagree,3,1,3,4,1,1,3,3,3,2,3,2,2,1,1,2,1,3,3,2,2,4,1,3,3,2,Unique/,
5,25 -- 34,Female,Philippines,Mindanao,Mabuhay,Philippines,Nett,Nanpohnmal,5 - 9 years,0 - 4 years,0 - 4 years,Yes,More than a week ,Bachelor's degree,Private school,Private school,2,Nurse ,Teacher,Deceased,Mindanao ,Mindanao,Ilonggo,Ilonggo and Tagalog,Chuukese ,Not at all,"Ilonggo, Tagalog, Bisaya and English",None,Any languages,English,English and Tagalog,English and Tagalog,English and Tagalog,Mostly Ilonggo,Tagalog and Enhlish,English,English,Bisaya and Tagalog,Mostly English,Pohnpeian,English,English,English,English,English,English,English,English,Pohnpeian,,Pohnpeian,,,,Kosraean,,,,Kosraean,Kosraean,Kosraean,Kosraean,Kosraean,Kosraean,Agree,Agree,,Agree,,,,,Agree,Agree,Agree,,Agree,,,Agree,,Agree,,,Agree,Agree,Agree,,,,Agree,,,,,,,,Agree,Agree,,,,,,1,,,1,,1,1,1,,,,,,,1,1,,,1,,,,,Difficult but interesting ,"Fun, interesting and modern"
6,35 -- 44,Female,Pohnpei State,"Sokehs Island, Sokehs","Eir, Sokehs",FSM,Sokehs,Eir,40 or more years,40 or more years,40 or more years,Yes,"New York, Washington D.C, Chicago, Apia, Fiji, Guam, Honolulu, Atlanta",Associate degree,Public school,Public school,1,"Commissioner, Pohnpei Public Broadcasting Corporation",Classroom Teacher,Public Health Program Coordinator,Mwoakiloa Island,"Eir, Sokehs",Mokilese,"Pohnpeian, Pingelapese, English","Kosraean, Mwotlukese",Well,Mokilese,"Mokilese, Pohnpeian","Mokilese, Pohnpeian",French & Spanish,English & Pohnpeian,English,English,Mokilese ,"Depend, if they are Pohnpeians- I speak Pohnpeian, Mokilese, I speak Mokilese, Pingelapese-Pingelapese or sometimes English",English,Pohnpeian & English,Pohnpeian & English,Mokilese,Pohnpeian,English,English,Mokilese,English,English,English,Pohnpeian,English,Pohnpeian,English,Pohnpeian,Pohnpeian,Pohnpeian,Pohnpeian,English,Pohnpeian,Pohnpeian,Pohnpeian,English,Pohnpeian,Mokilese,Pohnpeian,Mokilese,Mokilese,Agree,Disagree,Disagree,Agree,Disagree,Disagree,Disagree,Disagree,Agree,Disagree,Disagree,Agree,Agree,Agree,Agree,Agree,Disagree,Agree,Disagree,Agree,Agree,Agree,Agree,Disagree,Disagree,Disagree,Agree,Disagree,Agree,Agree,Agree,Agree,Agree,Disagree,Agree,Agree,Agree,Agree,2,1,3,2,2,3,2,2,2,2,2,2,2,2,2,2,2,2,4,3,4,4,2,4,2,1,"respectful, patriotic,cultured, humble,masculine","loud, show-offs, , proud, modern, attractive"
7,35 -- 44,Female,Pohnpei State,,,FSM,Nett,Nanpohnmal,30 - 39 years,30 - 39 years,20 - 29 years,Yes,Vermont 4 months (2x for 8wks,Master's degree,Public school,Private school,3,Instructo,Sales clerk,,Kolonia,,Pohnpeian,"Chuukese, English",,Somewhat well,Pohnpeian,Mwokilese,Pohnpeian,Pohnpeian,Pohnpeian and English,English,English,Pohnpeian ,Pohnpeian ,English ,English ,English ,Pohnpeian ,Pohnpeian,English,English,,English,English,English,English,English,Pohnpeian,English,Pohnpeian,Pohnpeian,Pohnpeian,Pohnpeian,Pohnpeian,Pohnpeian,Pohnpeian,English,English,Pohnpeian,Pohnpeian,Pohnpeian,Pohnpeian,Pohnpeian,Agree,Disagree,Agree,Disagree,Agree,,Disagree,Agree,Agree,Agree,Disagree,Agree,Agree,,Agree,Agree,Agree,Agree,Agree,Agree,Agree,Agree,Disagree,,,,,Disagree,Agree,Disagree,Agree,Agree,Disagree,Disagree,Agree,Agree,Disagree,Disagree,4,1,1,4,1,1,3,2,3,3,3,1,2,1,1,1,1,4,4,4,3,4,1,4,4,1,Unique,
8,18 -- 24,Male,Pohnpei State,Pohnpei,Kolonia,FSM,Sokehs,Nanpohnmal,20 - 29 years,20 - 29 years,5 - 9 years,Yes,US mainland 1.5yr,Associate degree,Public school,Public school,2,US army,Elementary teacher,College director,Kitti/Pingelap,Kolonia/ Mwoakilloa,Pohnpeian,English: mwokilese and pingelapese dialect,N/A,Somewhat well,"Pohnpeian, English, mwokilese and pingelapese dialect",Mwoakilese pohnpeian English,Pohnpeian Mwoakilese,English,Pohnpeian English,Pohnpein English,English,Pohnpeian Mwoakilese,Pohnpeian Mwoakilese pingelapese,English,English,Phnpeian English,Pohnpeian Mwoakilsea,English,Pohnpeian,English,Mokilese,English,English,English,English,English,Pohnpeian,Pohnpeian,Pohnpeian,Pohnpeian,Pohnpeian,Pohnpeian,English,Pohnpeian,Pohnpeian,Pohnpeian,Pohnpeian,Pohnpeian,Mokilese,Pohnpeian,Pohnpeian,Pohnpeian,Agree,Disagree,Disagree,Agree,Agree,Agree,Agree,Disagree,Agree,Agree,Disagree,Agree,Disagree,Disagree,Disagree,Disagree,Agree,Agree,Agree,Agree,Agree,Disagree,Agree,Agree,,Disagree,Agree,Disagree,Agree,Agree,Agree,Agree,Agree,Agree,Disagree,Agree,Disagree,Disagree,3,1,3,3,3,3,3,3,4,3,3,3,2,1,1,1,2,2,3,3,3,3,1,3,3,1,Uniquely Defines Pohnpeian,World language
9,25 -- 34,Female,Philippines,,,Philippines,Nett,Kolonia,5 - 9 years,5 - 9 years,5 - 9 years,Yes,singapore ( 30 days) hongkong ( 3 days ) Thailand (4 days) ,Bachelor's degree,Public school,Private school,0,Pharmacist,Teacher,Soldier,,,filipino,"Filipino, english",,Somewhat well,"filipino, english","filipino, english",english,english,"english, filipino","english, filipino","filipino, english",filipino,"filipino, english",english,"filipinoo, english","filipino, english",filipino,English,English,English,English,English,English,English,English,English,English,English,English,English,English,English,English,English,English,English,English,English,English,English,English,English,Agree,Agree,Agree,Agree,Disagree,Disagree,Disagree,Agree,Agree,Agree,Agree,Agree,Agree,Agree,Agree,Agree,Disagree,Agree,Disagree,Disagree,Agree,Agree,Agree,Agree,Disagree,Agree,Agree,Disagree,Agree,Agree,Agree,Agree,Disagree,Disagree,Disagree,Agree,Disagree,Disagree,2,3,2,4,2,3,3,2,3,2,3,3,2,3,2,3,2,3,3,3,3,3,2,3,3,2,,
10,18 -- 24,Female,Yap State,Satawal,Aetiroang,FSM,Nett,Likinkel,10 - 19 years,10 - 19 years,5 - 9 years,Yes,Washington D.C- 2 weeks ,"Some college, no degree",Private school,Private school,0,Student ,Housewife ,Director of Office of Environment Emergency Management ,"Pollap, Chuuk","Satawal, Yap",Yapese language ,English ,Chuukese language ,Very well,Chuukese language ,Yapese language ,English ,English ,English,English ,English ,Native language- Yapese,English ,English ,English ,English ,Native language ,Pohnpeian,,,Pohnpeian,,Pingelapese,Pohnpeian,Pohnpeian,Pohnpeian,,Pohnpeian,Pohnpeian,Pohnpeian,Pohnpeian,Pohnpeian,,Pohnpeian,,Pohnpeian,,Pohnpeian,Pohnpeian,Pohnpeian,Pohnpeian,,Agree,Agree,,Agree,,,,,Agree,Agree,Agree,Agree,Agree,Agree,Agree,Agree,Agree,Agree,Agree,Agree,Agree,Agree,Agree,Agree,Agree,Agree,Agree,,Agree,,Agree,Agree,,,Agree,,,,,,,,,,,,,,,,,,,,,,,4,,4,,,,,,
11,25 -- 34,Male,US Mainland,,,USA,Sokehs,"Palikir, Nan takai",10 - 19 years,10 - 19 years,0 - 4 years,Yes,,"High school, diploma, or GED",Public school,Private school,3,Graphic Design/Media,Bookkeeper,Media,,,English,Pohnpeian,Spanish,Somewhat well,English,English,Pohnpeian and English,Pohnpeian,English,English,English,Pohnpeian,Pohnpeian mix English,English,Pohnpeian/English,,English/Pohnpeian,Pohnpeian,English,English,Pohnpeian,English,English,English,English,English,Pohnpeian,Pohnpeian,Pohnpeian,Pohnpeian,Pohnpeian,Pohnpeian,English,Pohnpeian,Pohnpeian,English,English,Pohnpeian,Pohnpeian,Pohnpeian,Pohnpeian,English,Agree,Agree,Disagree,Agree,Disagree,Disagree,Agree,Disagree,Agree,Agree,Disagree,Agree,Agree,Agree,Agree,Agree,Agree,Agree,Agree,Disagree,Agree,Agree,Agree,Agree,,Agree,Disagree,Disagree,Agree,Agree,Agree,Agree,Agree,Disagree,Agree,Agree,Disagree,Disagree,1,1,1,2,2,2,2,1,1,1,2,2,1,1,1,1,1,1,2,2,3,4,1,2,1,1,"Basic, simple, important, cultured","Tricky, complicated, important, fun"
12,35 -- 44,Male,Pohnpei State,Pohnpei,Palikir,FSM,Sokehs,Ipat Nett,40 or more years,40 or more years,20 - 29 years,Yes,"USA, China, Japan, Australia, New Zealand and Pacific Island Countries",Bachelor's degree,Public school,Public school,4,Civil Servant,Shop Owner,Local Judge,Palikir,Palikir,Pohnpeian,English and Japanese,Kosraen ,Well,Pohnpeian,Pohnpeian,English and Chinese,Chinese,Pohnpeian,English,English,Pohnpeian,Pohnpeian,English,English,English,Pohnpeian,Pohnpeian,English,English,English,English,English,English,English,English,Pohnpeian,English,English,Pohnpeian,Pohnpeian,Pohnpeian,Pohnpeian,Pohnpeian,Pohnpeian,English,English,English,Pohnpeian,Pohnpeian,Pohnpeian,Pohnpeian,Agree,Disagree,Disagree,Agree,Agree,Agree,Agree,Disagree,Agree,Agree,Agree,Agree,Disagree,Disagree,Agree,Disagree,Agree,Disagree,Agree,Agree,Agree,Agree,Disagree,Agree,Disagree,Disagree,Agree,Disagree,Agree,Agree,Agree,Agree,Agree,Agree,Disagree,Agree,Agree,Agree,1,1,1,3,3,3,3,3,3,3,3,1,2,1,2,2,1,2,3,3,3,3,2,3,3,1,"Cultured, Identity, Roots, Proud and family","Business, international, Government, Modern & western"
13,18 -- 24,Male,Pohnpei State,Pohnpei,Nett,FSM,Nett,Nett,20 - 29 years,20 - 29 years,20 - 29 years,Yes,"Hawaii,Oregon,Texas,Washington",Associate degree,Private school,Private school,0,Chef,Self,Self,Mortlocks,"Pohnpei,Nett",English,English,"Japanese,Kosrae,Pingelap,Chuukese",Somewhat well,"English,Pohnpei","English,Pohnpei","English,Pohnpei",All,English,English,English,"English,Pohnpei ",Mix,English,Mix,Mix,Mix,English,English,English,English,English,English,English,English,English,Pohnpeian,English,Pohnpeian,Pohnpeian,Pohnpeian,Pohnpeian,English,Pohnpeian,Pohnpeian,Pohnpeian,English,English,Pohnpeian,Pohnpeian,Pohnpeian,English,Agree,Disagree,Disagree,Disagree,Agree,Disagree,Disagree,Disagree,Agree,Agree,Disagree,Disagree,Disagree,Disagree,Agree,Agree,Agree,Agree,Agree,Disagree,Agree,Agree,Agree,Agree,Disagree,Disagree,Agree,Agree,Agree,Agree,Agree,Agree,Disagree,Agree,Disagree,Agree,Disagree,Disagree,3,1,3,4,1,3,3,3,3,3,3,1,1,1,1,1,1,1,4,3,3,3,4,3,3,4,"Vital,Identifying,Cultural,SelfKnowledge,Corrupted","BastardLanguage,Simplified,Unconscious"
14,35 -- 44,Male,US Mainland,,,USA,Uh,Awak Pah U,10 - 19 years,10 - 19 years,0 - 4 years,Yes,"Thailand, Hong Kong, Costa Rica, Singapore, England, Ireland all for about two weeks each. ",Bachelor's degree,Public school,Public school,1,Preacher,Saleswoman ,Painter,,,English,Pohnpeian,"Spanish, Kosraean ",Somewhat well,Engish,English,"English , Spanish",Spanish and French,Enlgish,English,English,English,Pohnpeian and English,English,Pohnpeian,,English,Pohnpeian,English,English,Pohnpeian,English,English,English,English,English,Pohnpeian,English,Pohnpeian,Pohnpeian,Pohnpeian,Pohnpeian,English,Pohnpeian,Pohnpeian,Pohnpeian,English,English,Pohnpeian,Pohnpeian,Pohnpeian,English,Agree,Agree,Disagree,Agree,Disagree,Disagree,Agree,Agree,Agree,Disagree,Disagree,Agree,Agree,Agree,Agree,Disagree,Agree,Agree,Agree,Agree,Disagree,Disagree,Disagree,Agree,Disagree,Agree,Agree,Disagree,Agree,Disagree,Agree,Agree,Disagree,Disagree,Agree,Agree,Disagree,Disagree,2,1,2,3,2,2,3,3,3,3,3,1,1,1,1,1,1,3,4,3,2,3,1,3,3,1,"Kaperen, ahpwal, kaselel, sawas, useful","useful, convenient, universal, complex, native"
15,45 -- 54,Male,US Mainland,n/a,n/a,USA,Nett,kolonia,10 - 19 years,10 - 19 years,5 - 9 years,Yes,Japan,Master's degree,Public school,Public school,0,teacher,homemaker,minister,n/a,n/a,english,none,spanish,Not at all,english,english,I don't care,pohnpeian,english,english,english,english,english,english,english,english,english,English,English,English,Pohnpeian,English,English,English,English,English,Pohnpeian,English,Pohnpeian,Pohnpeian,Pohnpeian,Pohnpeian,English,English,Pohnpeian,English,English,English,Pohnpeian,English,English,English,Agree,Agree,Agree,Agree,Agree,Disagree,Agree,Disagree,Agree,Agree,Agree,Agree,Agree,Disagree,Agree,Agree,Agree,Agree,Disagree,Disagree,Disagree,Disagree,Agree,Agree,Disagree,Agree,Agree,Agree,Disagree,Agree,Agree,Agree,Agree,Disagree,Agree,Agree,Disagree,Disagree,3,1,1,3,1,1,3,3,4,3,2,2,3,2,3,2,1,1,4,3,3,3,1,4,4,1,don't really know,"confusing, precise,low context,useful,global"
16,25 -- 34,Female,US Mainland,N/A,N/A,USA,Nett,Kolonia,0 - 4 years,0 - 4 years,0 - 4 years,Yes,"USA (homeland), Western Europe, (1 year) Madagascar (2 weeks), Reunion Island (6 mos.)","Professional degree (JD, MD, etc.)",Private school,Public school,0,Attorney,Homemaker,Manager - Power Plant ,USA ,USA,English,French,"Spanish, Russian, Pohnpeian",Not at all,English,English,N/A,"Russian, Pohnpeian",English,"English, French","English, French ",English,"English, French ","English, French, Spanish","English, Pohnpeian",N/A,English,Pohnpeian,English,English,Pohnpeian,English,English,English,Pohnpeian,English,Pohnpeian,English,Pohnpeian,Pohnpeian,Pohnpeian,English,English,English,Pohnpeian,English,English,Pohnpeian,Pohnpeian,English,English,English,Agree,Agree,Disagree,Agree,Disagree,Disagree,Agree,Disagree,Agree,Agree,Disagree,Agree,Agree,Disagree,Agree,Agree,Agree,Agree,Agree,Disagree,Disagree,Disagree,Disagree,Agree,Disagree,Agree,Agree,Disagree,Agree,Agree,Agree,Agree,Disagree,Disagree,Agree,Agree,Disagree,Disagree,3,1,1,3,3,3,3,2,3,2,3,2,2,3,3,2,2,3,3,3,3,2,2,3,3,2,"Complex, fun, unique, interesting, soft","Utilitarian, plain, useful, successful, flexible"
17,25 -- 34,Female,US Mainland,N/A,N/A,USA,Nett,Kolonia,0 - 4 years,0 - 4 years,0 - 4 years,Yes,"Germany (4 months), Caribbean, Mexico, Canada",Bachelor's degree,Public school,Public school,0,Director of Student Life - COM,Travel Agent,Carpenter,USA - Vermont,USA - Philadelphia,English,German,"Pohnpeian, Spanish",Not at all,English,English,English & Others,"Pohnpeian, Spanish",English,English,English,English,English & Pohnpeian,English,English & Pohnpeian ,English,English,English,English,English,English,English,English,English,English,English,Pohnpeian,English,Pohnpeian,Pohnpeian,Pohnpeian,Pohnpeian,English,Pohnpeian,Other,English,English,English,Pohnpeian,Pohnpeian,Pohnpeian,English,Agree,Disagree,Disagree,Agree,Disagree,Disagree,Agree,Disagree,Agree,Agree,Disagree,Agree,Agree,Disagree,Disagree,Disagree,Disagree,Disagree,Disagree,Disagree,Disagree,Disagree,Disagree,Agree,Disagree,Disagree,Agree,Agree,Agree,Agree,Agree,Agree,Agree,Disagree,Agree,Agree,Disagree,Disagree,3,1,2,3,1,1,3,2,2,3,3,2,2,2,2,2,1,4,4,4,4,4,1,3,3,1,"difficult, friendly, inviting, open, cultural","universal, professional, educated, privileged, pretentious"
18,25 -- 34,Female,US Mainland,USA,USA,USA,Madolenihmw,Wapar,10 - 19 years,10 - 19 years,5 - 9 years,Yes,travel once a month for work and lived internationally pior to moving to pohnpei,Master's degree,Private school,Private school,1,Conservation manger,Artist (retired),lawyer (Retired),USA,USA,English,,"Pohnpeian, Swahili, Spanish",Not at all,one,one,,more than two (they seak english and Pohnpeian already),english,englsih,english,english and Pohnpeian,english,english,english and Pohnpeian,,english and pohnpeian,Pohnpeian,English,English,Pohnpeian,English,English,English,English,English,Pohnpeian,Pohnpeian,Pohnpeian,Pohnpeian,Pohnpeian,Pohnpeian,English,English,Pohnpeian,English,English,English,Pohnpeian,Pohnpeian,Pohnpeian,English,Agree,Disagree,Disagree,Agree,Agree,Agree,Disagree,Disagree,Agree,Agree,Disagree,Agree,Agree,Agree,Agree,Disagree,Agree,Agree,Agree,Agree,Agree,Disagree,Disagree,Agree,Disagree,Disagree,Agree,Disagree,Agree,Agree,Agree,Agree,Agree,Disagree,Agree,Agree,Disagree,Disagree,3,1,2,3,1,1,3,2,2,2,2,2,2,2,2,2,2,2,2,2,2,2,2,2,2,2,x,x
19,18 -- 24,Female,Pohnpei State,Pohnpei,Madolenihmw,FSM,Madolenihmw,Madolenihmw,10 - 19 years,10 - 19 years,10 - 19 years,Yes,Japan-2 months,"High school, diploma, or GED",Public school,Private school,0,N/A,,Supevisor nurse,Mwoakiloa,Madolenihmw,Pohbepeian,"Mwokilese,English",,Somewhat well,Mwokilese,Pohnepeian,Both,Chuukese,Pohnepeian and English,English,English,Pohnpeian and mwokilese,Pohnepeian,English,,,All,English,English,English,English,English,English,English,English,English,Pohnpeian,English,Pohnpeian,Pohnpeian,Pohnpeian,Pohnpeian,English,English,Pohnpeian,English,English,English,Pohnpeian,Pohnpeian,Pohnpeian,English,Agree,Agree,Agree,Agree,Disagree,Disagree,Agree,Disagree,Agree,Agree,Disagree,Agree,Disagree,Agree,Agree,Agree,Agree,Agree,Agree,Agree,Agree,Agree,Agree,Agree,Disagree,Disagree,Agree,Disagree,Agree,Disagree,Agree,Agree,Disagree,Disagree,Agree,Agree,Disagree,Disagree,2,2,1,3,2,2,3,2,2,2,2,1,2,2,2,2,2,2,3,3,3,3,2,3,3,2,"Respecful,humble,kind,soft,tender","Helpful,handy,grammer,study,hard"
20,35 -- 44,Male,Chuuk State,Fonoton,Sopota,FSM,Sokehs,Nahnpolman,20 - 29 years,5 - 9 years,0 - 4 years,Yes,Las Vegas for 3 months,"Professional degree (JD, MD, etc.)",Public school,Private school,3,Attorney,Cashier,Diplomat,"Fonoton, Sopota","Uman, Mwanukun",Chuukese,English,none,Not at all,Chuukese and English,Chuukese and English,"Chuukese, English, Pohnpeian",Pohnpeian,English,English,English,Chuukese and English,English,English,English,English,Chuukese,English,English,English,Chuukese,English,English,English,English,English,Pohnpeian,English,Pohnpeian,Pohnpeian,Pohnpeian,Pohnpeian,English,English,Pohnpeian,English,English,English,English,English,Chuukese,English,Agree,Agree,Agree,Agree,Agree,Agree,Agree,Disagree,Agree,Agree,Disagree,Agree,Agree,Agree,Agree,Agree,Agree,Agree,Agree,Disagree,Agree,Agree,Agree,Agree,Disagree,Disagree,Agree,Disagree,Agree,Agree,Agree,Agree,Disagree,Disagree,Agree,Disagree,Disagree,Disagree,1,1,1,3,1,1,3,3,3,1,3,1,1,1,1,1,1,1,3,3,1,3,1,3,3,1,"respectful, fast, smooth, direct, soft","direct, loud, hard to learn, clear, open"
21,25 -- 34,Female,Pohnpei State,Pohnpei,Kitti,FSM,Kitti,Toamwoaroahlong,30 - 39 years,30 - 39 years,30 - 39 years,Yes,2 weeks in the Philippines,Associate degree,Public school,Private school,0,Public Relations,Housewife,Church Administrator,"Salapwuk, Pohnpei","Toamwoaroahlong, Kitti",Pohnpeian,"English, Chuukese",None,Somewhat well,Pohnpeian,Pohnpeian/English,Native language and English,Yapese and Kosraen ,Pohnpeian/English,English,English,Pohnpeian,Pohnpeian/English/Chuukese,English,English/Pohnpeian,English,Pohnpeian,English,English,English,English,English,English,English,Pohnpeian,English,Pohnpeian,English,Pohnpeian,Pohnpeian,Pohnpeian,Pohnpeian,English,Pohnpeian,Pohnpeian,English,English,English,Pohnpeian,Pohnpeian,Pohnpeian,Pohnpeian,Agree,Disagree,Disagree,Agree,Agree,Disagree,Agree,Disagree,Agree,Agree,Disagree,Agree,Agree,Disagree,Agree,Disagree,Agree,Agree,Agree,Disagree,Agree,Agree,Disagree,Agree,Disagree,Agree,Agree,Agree,Agree,Agree,Agree,Agree,Agree,Agree,Agree,Agree,Agree,Agree,4,2,4,4,3,3,4,4,4,4,4,3,4,2,4,4,2,2,4,4,4,4,2,4,4,2,"Confusing, Heritage-bound, Hard, Beautiful, Best","World wide connectivity, easy, hard, too much, nice"
22,18 -- 24,Female,Pohnpei State,Pohnpei,"Dipision, Kolonia",FSM,Nett,Kolonia,20 - 29 years,20 - 29 years,20 - 29 years,No,,Associate degree,Private school,Public school,1,Administrative Clerk,House wife,Port Control Officer,"Pohnpei, Nett","Pohnpei, Kolonia",Pohnpeian,English,Mortlockese,Somewhat well,"Mortlockese, Pohnpeian, English","Ngatikese, Pohnpeian, English","Pohnpeian, English, Japanese, Chinese",Japanese,English,Pohnpeian and English,English,Pohnpeian and English,Pohnpeian and English,English,Pohnpeian and English,Pohnpeian and English,Pohnpeian and english,English,English,English,English,English,English,English,English,English,Pohnpeian,English,Pohnpeian,Pohnpeian,Pohnpeian,Pohnpeian,English,English,Pohnpeian,English,English,English,Pohnpeian,Pohnpeian,Pohnpeian,English,Agree,Agree,Disagree,Agree,Agree,Disagree,Agree,Disagree,Agree,Agree,Disagree,Agree,Agree,Agree,Agree,Disagree,Agree,Agree,Agree,Agree,Agree,Agree,Agree,Agree,Disagree,Agree,Disagree,Disagree,Agree,Agree,Agree,Agree,Disagree,Disagree,Agree,Agree,Disagree,Disagree,2,1,2,3,2,2,2,2,2,2,2,2,2,2,2,2,2,2,2,2,2,2,2,2,2,2,"difficult, ",
23,35 -- 44,Male,Pohnpei State,Pohnpei,"Awak, U",FSM,Uh,Awak,30 - 39 years,30 - 39 years,30 - 39 years,Yes,"New Zealand 4years, Honolulu Hawaii 6 months, Japan 8 months, Fiji 6 months",Bachelor's degree,Both,Public school,5,Conservation,House wife,Associate Judge,"Pohnpei, U","Pohnpei, U",Pohnpeian,English & Japanese,"Fijian, Palauan, Kosraen & Chuukese",Very well,Pohnpeian,Pohnpeian,Pohnpeian & English,English,English & Pohnpeian,English,English,Pohnpeian,Pohnpeian,English,English ,English,Pohnpeian,Pohnpeian,English,English,Pohnpeian,English,English,English,Pohnpeian,English,Pohnpeian,English,Pohnpeian,Pohnpeian,Pohnpeian,Pohnpeian,English,Pohnpeian,Pohnpeian,English,English,English,Pohnpeian,Pohnpeian,Pohnpeian,Pohnpeian,Agree,Disagree,Agree,Agree,Agree,Agree,Agree,Disagree,Agree,Agree,Disagree,Agree,Agree,Disagree,Agree,Agree,Agree,Agree,Agree,Agree,Disagree,Disagree,Disagree,Agree,Disagree,Disagree,Agree,Disagree,Agree,Disagree,Agree,Agree,Agree,Agree,Disagree,Agree,Agree,Disagree,1,1,2,3,1,1,2,1,1,1,3,1,1,1,2,1,1,1,2,1,2,2,4,3,2,1,"eeasy, useful, powerful, appropriate & cool","complicated, useful, appropriate, different & loved"
24,45 -- 54,Female,RMI,Pohnpei,Wone,USA,Kitti,WOne,20 - 29 years,20 - 29 years,0 - 4 years,Yes,"I travel for work regularly.  I have traveled extensively in Asia/Pacific (all FSM states, Palau Marshall Islands, Fij, New Zealand, Australia, Vanuatu, Samoa, Manila, Bangkok...) Also US and Europe (Paris, London, Rotterdam) and to Peru",Master's degree,Public school,Private school,2,Conservation Finance,Teaching (behavior and learning disabilities),Teaching (high school English literature),American (Maine),American (Ohio),English & Marshallese,Pohnpeian,French,Somewhat well,English and some French and Marshalese,English and some Marshalese,English and Pohnpeian ,Meing and French,English,English & French (in French class),English & French (in French literature class),Mostly Pohnpeian - English with my children,English and Pohnpeian,English,English and Pohnpeian,No longer in school,Pohneian and English,Pohnpeian,English,English,Pohnpeian,English,English,English,Pohnpeian,English,Pohnpeian,English,Pohnpeian,Pohnpeian,Pohnpeian,Pohnpeian,English,Pohnpeian,Pohnpeian,English,English,English,Pohnpeian,Pohnpeian,Pohnpeian,English,Agree,Agree,Disagree,Disagree,Disagree,Disagree,Agree,Disagree,Disagree,Disagree,Disagree,Agree,Agree,Agree,Agree,Agree,Agree,Agree,Agree,Agree,Disagree,Disagree,Disagree,Agree,Disagree,Agree,Agree,Disagree,Agree,Agree,Agree,Agree,Disagree,Disagree,Agree,Agree,Agree,Disagree,2,1,2,3,3,3,3,3,3,3,3,2,3,2,2,2,2,2,3,3,3,3,3,3,3,1,"Expressive, complex, lyrical, respectful, multi-layered ","Direct, concise, mixed-origins, inconsistent, complicated "
25,35 -- 44,Female,Other,-,-,Other,Nett,Kolonia,0 - 4 years,0 - 4 years,0 - 4 years,Yes,"Around the world, ten months",Master's degree,Both,Private school,0,Teacher,Secretary,Teacher,-,-,Finnish,English,Swedish,Not at all,"Finnish, little English and Swedish","Finnish, little English and Swedish",I have no children,Pohnpeian,Finnish,Finnish,Finnish,Finnish,"Finnish, English",English,English,-,English,English,English,English,English,English,English,English,English,English,English,English,Pohnpeian,Pohnpeian,Pohnpeian,Pohnpeian,English,English,Pohnpeian,English,English,English,Pohnpeian,English,English,English,Agree,Agree,Disagree,Agree,Disagree,Disagree,Agree,Disagree,Agree,Agree,Disagree,Agree,Agree,Agree,Disagree,Agree,Disagree,Agree,Disagree,Disagree,Disagree,Disagree,Disagree,Agree,Disagree,Agree,Agree,Agree,Agree,Agree,Agree,Agree,Disagree,Disagree,Agree,Agree,Disagree,Agree,1,1,4,3,2,2,2,2,3,3,3,1,3,2,3,2,1,1,3,3,3,3,1,3,4,3,Soft sounded,Full of exceptions
26,65 -- 74,Female,US Mainland,PNI,U,USA,Uh,,20 - 29 years,20 - 29 years,10 - 19 years,Yes,"INDIA, NEPAL = 12 YEARS","Professional degree (JD, MD, etc.)",Public school,Public school,1,RETIRED ATTORNEY,HOUSEWIFE/DIETICIAN,PHARMACIST,USA,USA,ENGLISH,"NEPALESE, FRENCH","POHNPEIAN, ITALIAN, TIBETAN, CHINESE, JAPANESE",Not at all,ENGLISH,ENGLISH,"ENGLISH, POHNPEIAN",POHNPEIAN,ENGLISH,"ENGLISH, FRENCH IN FRENCH CLASS","ENGLISH, FRENCH, ITALIAN, RUSSIAN, CHINESE (IN LANGUAGE CLASSES)",ENGLISH,"ENGLISH, JAPANESE","ENGLISH, JAPANESE",ENGLISH,ENGLISH,ENGLISH,Pohnpeian,Pohnpeian,English,Pohnpeian,Pohnpeian,English,English,English,English,Pohnpeian,English,Pohnpeian,Pohnpeian,Pohnpeian,Pohnpeian,English,English,Pohnpeian,Pohnpeian,Pohnpeian,English,Pohnpeian,English,Pohnpeian,English,Agree,Disagree,Disagree,Agree,Disagree,Disagree,Agree,Disagree,Agree,Agree,Disagree,Agree,Agree,Agree,Agree,Agree,Agree,Agree,Disagree,Disagree,Agree,Agree,Agree,Agree,Disagree,Agree,Agree,Agree,Agree,Agree,Agree,Agree,Disagree,Disagree,Agree,Agree,Disagree,Disagree,1,1,1,1,1,1,1,1,1,1,1,1,1,1,1,1,1,1,1,1,1,1,1,1,1,1,"INTERESTING, COMPLICATED, PRETTY, HUMOROUS, FRIENDLY","DIFFICULT, COMPLICATED, USEFUL, CHANGING, EXPRESSIVE"
27,45 -- 54,Female,Chuuk State,Polowat ,Rewou,FSM,Nett,Nett,20 - 29 years,10 - 19 years,10 - 19 years,Yes,"US Mainland, Hawaii, Australia, Guam from 1 week to 3 weeks ",Master's degree,Public school,Public school,0,Director ,None ,None ,"Polowat, Rewou","Kosrae, Tofol ",Chuukese ,English and Outer Island Yapease ,Pohnpeian ,Not at all,"Chuukese, Outer Island Yapease, Kosraean ","English, Chuukese, Kosraean, Outer island Yapease, little Japanese",Not applicable ,Pohnpeian ,Chuukese,English and Chuukese ,English ,Chuukese and Enlish ,English and Chuukese ,English ,English ,not applicable ,Chuukese and English ,English,English,English,English,English,English,English,English,English,Pohnpeian,English,Pohnpeian,Pohnpeian,Pohnpeian,Pohnpeian,English,Pohnpeian,Pohnpeian,English,English,English,Pohnpeian,English,English,English,Agree,Disagree,Disagree,Agree,Agree,Disagree,Disagree,Disagree,Agree,Agree,Disagree,Agree,Disagree,Disagree,Disagree,Disagree,Agree,Agree,Disagree,Disagree,Disagree,Disagree,Disagree,Agree,Disagree,Disagree,Agree,Disagree,Disagree,Disagree,Disagree,Agree,Agree,Disagree,Disagree,Agree,Disagree,Disagree,1,1,1,1,1,1,1,1,1,1,1,1,1,1,1,1,1,1,1,1,1,1,1,1,1,1,Similar to Chuukese and easy,"More words/expressions, direct & easy"
28,25 -- 34,Male,Pohnpei State,Pohnnpei,wone,FSM,Kitti,wone,,,0 - 4 years,Yes,"Philippines, 2 trips in 1992 & 2000 4 months the longest","Some college, no degree",Public school,Public school,0,Carpenter ,housewife,electrician,"kitti, wone","philippines,pampanga",pohnpeian,filipino,,Somewhat well,pohnpei,"english,pohnpei","english,pohnpei,filipino",filipino,"english,pohnpei","english,pohnpei",english,pohnpei,pohnpei,english,pohnpei,pohnpei,pohnpei,Pohnpeian,Pohnpeian,Pohnpeian,Pohnpeian,Pohnpeian,Pohnpeian,Pohnpeian,Pohnpeian,English,Pohnpeian,Pohnpeian,Pohnpeian,Pohnpeian,Pohnpeian,Pohnpeian,English,Pohnpeian,Pohnpeian,Pohnpeian,English,Pohnpeian,Pohnpeian,Pohnpeian,Pohnpeian,Pohnpeian,Agree,Disagree,Disagree,Agree,Disagree,Agree,Agree,Agree,Agree,Agree,Disagree,Agree,Disagree,Agree,Agree,Agree,Disagree,Agree,Disagree,Agree,Agree,Agree,Agree,Agree,Disagree,Agree,Agree,Disagree,Agree,Agree,Agree,Agree,Disagree,Agree,Agree,Agree,Disagree,Disagree,1,1,2,3,3,3,2,3,4,3,4,2,3,2,3,3,3,3,4,3,2,4,3,4,4,2,"apwal,koasoamwpwal,pisetik,oaralap,unigue","easy, p"
29,25 -- 34,Male,Hawaii,Pohnpei,Sapwoahn,USA,Sokehs,Sapwoahn,20 - 29 years,20 - 29 years,20 - 29 years,Yes,"Guam, Hawaii, Chicago, and North Carolina",Associate degree,Public school,Public school,2,Administrative Specialist,Finance Management Specialist,Taxi Driver,"Sapwoahn, Pohnpei","Sapwoahn, Pohnpei",Pingelapese,"Pohnpeian, Enlish","Pohnpeian, English",Somewhat well,"Pingelapese, Pohnpeian, English","Pingelapese, Pohnpeian, English","Pingelapese, Pohnpeian, English","Pohnpeian, English","Pingelapese, Mwoakilese, Pohnpeian, English","Pohnpeian, English",English,Pingelapese,"Pingelapese, Pohnpeian, English",English,"Pohnpei, English","Pohnpei, English",Pingelapese,Pohnpeian,English,English,Pingelapese,English,English,English,English,English,Pohnpeian,English,Pohnpeian,Pohnpeian,Pohnpeian,Pohnpeian,English,Pohnpeian,Pohnpeian,English,English,Pohnpeian,Pingelapese,Pohnpeian,Pingelapese,Pingelapese,Agree,Disagree,Disagree,Agree,Agree,Disagree,Agree,Disagree,Agree,Agree,Disagree,Agree,Disagree,Disagree,Agree,Disagree,Agree,Agree,Agree,Agree,Agree,Agree,Agree,Agree,Disagree,Disagree,Agree,Disagree,Agree,Agree,Agree,Agree,Agree,Agree,Agree,Agree,Disagree,Disagree,1,1,4,3,1,1,3,3,3,3,3,1,1,1,1,1,1,3,3,3,4,4,1,3,4,1,"Respectful, Pride, Generous, Kind, Historic, ","Education, Realistic, Smart, Pride, Modern"
30,18 -- 24,Male,Pohnpei State,Palau,Kolonia,Palau,Nett,Kolonia,20 - 29 years,20 - 29 years,20 - 29 years,Yes,Guam and Saipan - 3 weeks each,Associate degree,Private school,Private school,0,Administrative Specialist,Unemployed,Scuba Diving Instructor,"Palau, Koror",Japan. Tokyo,English,None,Japanese,Not at all,"English, Palauan, Pohnpeian","English, Japanese, Pohnpeian, Palauan","English, Japanese, Pohnpeian, ","Japanese, Spanish, Pohnpeian, Chuukese, Yapese, Palauan, Italian, Russian",English,English,"English, Pohnpeian","Japanese, English",English,English,English,English,"English, Japanese",Other,Other,English,Other,English,English,English,English,English,Pohnpeian,English,Pohnpeian,Other,Pohnpeian,Pohnpeian,English,English,Pohnpeian,English,Other,English,English,Other,English,English,Agree,Agree,Disagree,Agree,Disagree,Disagree,Agree,Agree,Agree,Agree,Disagree,Disagree,Disagree,Disagree,Disagree,Disagree,Disagree,Disagree,Disagree,Disagree,Agree,Agree,Agree,Agree,Agree,Disagree,Disagree,Disagree,Agree,Agree,Agree,Agree,Agree,Disagree,Agree,Agree,Disagree,Disagree,2,1,2,3,2,3,3,3,2,3,3,2,2,1,2,1,2,3,3,3,3,3,2,3,3,1,"Cultural, Unique, Important, ","Important, Difficult if ESL, "
31,45 -- 54,Male,Pohnpei State,Pohnpei,Palikir,FSM,Nett,Kolonia,30 - 39 years,40 or more years,40 or more years,Yes,"Usually work related to China, Australia, US, South Pacific.  Longest travel was to US for 4 years","Some college, no degree",Public school,Public school,5,Engineer,Homemaker,Judge,"Chuuk, Udot","Pohnpei, Palikir",Pohnpeian,"English, Chuukese, ","Kosraean, Chamorro",Very well,"Pohnpeian, Chuukese, English","Pohnpeian, English","Pohnpeian, English",Chinese,English,English,,Pohnpeian and Chuukese or English depending on who,"Pohnpeian, Chuukese, English-depends on who",English,"English, Pohnpeian, Chuukese",N/A,"Pohnpeian, Chuukese",Pohnpeian,English,English,Other,English,English,English,English,English,Pohnpeian,English,Pohnpeian,Pohnpeian,Pohnpeian,Pohnpeian,English,English,Pohnpeian,English,English,Pohnpeian,Pohnpeian,Pohnpeian,Pohnpeian,Pohnpeian,Agree,Agree,Disagree,Agree,Disagree,Disagree,Agree,Disagree,Agree,Agree,Agree,Agree,Disagree,Disagree,Disagree,Disagree,Disagree,Agree,Agree,Agree,Agree,Agree,Agree,Agree,Disagree,Agree,Agree,Disagree,Agree,Disagree,Agree,Agree,Agree,Disagree,Agree,Agree,Agree,Disagree,1,1,1,1,1,1,1,1,1,1,1,1,1,1,1,1,1,1,1,1,1,1,1,1,1,1,Simple. Uncomplicated. Forward. Influenced by foreign words,Rich. Ambiguous. Complicated. Mixed up. Ever changing.
32,35 -- 44,Male,Yap State,mogmog,,FSM,Nett,nanpohnmal,30 - 39 years,20 - 29 years,5 - 9 years,Yes,Hawaii. 9 years,Bachelor's degree,Both,Private school,3,IT specialist,Librarian/College adimistrator,Fisheries executive,the village of Saranac Lake on the island of New York :),"Mogmog, Ulithi",Ulithian,English and Pohnpeian,Chuukese,Somewhat well,"English, ulithian","ulithian, English",Their choice,sign language,both english and pohnpeian,english,english,"english, ulithian, palauan, and japanese",english/pohnpeian,english,english,english,"english, ulithian, palauan, and japanese",English,English,English,English,English,English,English,Pohnpeian,English,Pohnpeian,English,Pohnpeian,Pohnpeian,Pohnpeian,Pohnpeian,English,Pohnpeian,Pohnpeian,English,English,English,English,Pohnpeian,Pohnpeian,English,Agree,Agree,Disagree,Agree,Agree,Agree,Agree,Disagree,Agree,Agree,Agree,Agree,Disagree,Disagree,Agree,Disagree,Agree,Agree,Agree,Agree,Disagree,Disagree,Disagree,Agree,Disagree,Disagree,Disagree,Disagree,Agree,Agree,Agree,Agree,Disagree,Disagree,Disagree,Agree,Agree,Disagree,3,1,3,3,2,2,3,2,3,3,3,2,2,2,2,2,2,4,3,3,3,3,2,3,3,2,"distinguished, meaningful, traditional, useful, flexile","complex, self serving, confusing, universal, threatening"
33,45 -- 54,Female,Pohnpei State,Pohnpei,Kolonia,FSM,Nett,Dolonier,40 or more years,40 or more years,20 - 29 years,Yes,Michigan 3 years and New Mexico 3 year,Bachelor's degree,Public school,Public school,1,Human Resources Specialist,housewife,boat driver for public schools,"U, Pohnpei","sokehs, Pohnpei",Pohnpiean,Mokilese and English,,Well,Pohnpeian and Mokilese,"Mortlockese, Pohnpeian and Mokilese",Pohnpeian and English,English,Pohnpeian and some English,English,English,"Pohnpeian, Mokilese, some English","depends: Pohnpeian, Mokilese and English",English,English,English,Pohnpeian and Mokilese,English,English,English,Pohnpeian,English,English,English,English,English,Pohnpeian,English,Pohnpeian,Pohnpeian,Pohnpeian,Other,English,Pohnpeian,Pohnpeian,English,English,English,English,Pohnpeian,Pohnpeian,English,Agree,Disagree,Disagree,Agree,Agree,Agree,Agree,Disagree,Disagree,Disagree,Disagree,Agree,Disagree,Disagree,Agree,Agree,Agree,Agree,Disagree,Agree,Disagree,Disagree,Agree,Agree,Disagree,Disagree,Agree,Disagree,Agree,Disagree,Agree,Agree,Agree,Agree,Agree,Agree,Agree,Disagree,2,1,2,3,2,2,3,2,3,3,3,2,2,2,2,2,2,2,3,3,3,3,2,3,3,2,,
34,25 -- 34,Male,Pohnpei State,Pohnpei,Kipar,FSM,Kitti,Kipar,20 - 29 years,20 - 29 years,0 - 4 years,Yes,"Turkey (2 weeks), USA (5 years), Fiji (2 months)",Bachelor's degree,Public school,Private school,1,Natural Resource Management,Classroom Teacher,Director of Pohnpei State Department of Land and Natural Resources,"Kitti, Pohnpei","Kitti, Pohnpei",Pohnpeian,English,Mortlockese,Very well,"Pohnpeian, English","Pohnpeian, English","Pohnpeian, English, Chinese",Chinese,Pohnpeian/English,English,English,Pohnpeian,"Pohnpeian, English",English,Pohnpeian,"Pohnpeian, English",Pohnpeian,Pohnpeian,English,English,Pohnpeian,Pohnpeian,English,English,English,English,Pohnpeian,Pohnpeian,Pohnpeian,Pohnpeian,Pohnpeian,Pohnpeian,Pohnpeian,Pohnpeian,Pohnpeian,Pohnpeian,Pohnpeian,Pohnpeian,Pohnpeian,Pohnpeian,Pohnpeian,Pohnpeian,Agree,Agree,Agree,Agree,Agree,Agree,Agree,Disagree,Agree,Agree,Disagree,Agree,Agree,Disagree,Agree,Agree,Agree,Agree,Agree,Agree,Agree,Disagree,Agree,Agree,Disagree,Disagree,Agree,Disagree,Agree,Agree,Agree,Agree,Agree,Agree,Disagree,Agree,Agree,Agree,2,1,2,3,2,2,2,2,3,3,3,2,2,1,4,2,2,3,3,3,3,3,2,3,3,1,"Respectful, heritage, identity, cultral, traditional","Foreign, intervention, threat, prosperity, modern"
35,35 -- 44,Female,Chuuk State,Sokehs,Soledi,FSM,Sokehs,Soledi,40 or more years,40 or more years,40 or more years,Yes,"Japan (4 weeks), India (6-weeks), Hilo, HI (3-weeks), Philippine (1-day), Hong Kong (1-day)",Associate degree,Public school,Public school,3,Secretary/Human Resources,Housewife,Philatelic Specialist at FSM Post Office,"Sapou Uman Island, Chuuk State","Soledi Sokehs, Pohnpei State","Chuukese, Mortlockese",Pohnpeian & English,None,Somewhat well,Chuukese,Mortlockese,"Mortlockese, Pohnpeian, & English",Pohnpeian & English,Pohnpeian and English,English,English,Mortlockese & Pohnpeian,Mortlockese & Pohnpeian,English,Pohnpeian & English,"Mortlockese, Pohnpeian, & English",Mortlockese & Pohnpeian,Pohnpeian,English,English,Pohnpeian,English,English,English,Pohnpeian,English,Pohnpeian,English,Pohnpeian,Pohnpeian,Pohnpeian,Pohnpeian,English,Pohnpeian,Pohnpeian,English,English,Pohnpeian,Pohnpeian,Pohnpeian,Chuukese,Chuukese,Agree,Agree,Agree,Agree,Agree,Agree,Agree,Agree,Agree,Agree,Disagree,Agree,Agree,Agree,Agree,Agree,Agree,Agree,Agree,Agree,Disagree,Disagree,Disagree,Disagree,Disagree,Disagree,Agree,Disagree,Agree,Disagree,Agree,Agree,Agree,Disagree,Disagree,Agree,Agree,Disagree,2,1,3,3,3,3,3,3,2,2,3,2,2,2,4,2,2,2,4,3,3,4,2,4,4,3,easy,universal
37,35 -- 44,Female,Pohnpei State,Pohnpei,Pingelap,FSM,Sokehs,Sapwoahn,30 - 39 years,30 - 39 years,30 - 39 years,Yes,"Australia - 1.5 yrs; Maquoketa, IA - 3 months ",Master's degree,Public school,Public school,2,Associate Professor,Teacher,Administrator for Dept. Of Education,"Pingelap, Pohnpei","Pingelap, Pohnpei",Pingelapese,"Pohnpeian,  English",Mwoakillese,Somewhat well,same as me,Similar and Kosraen,"Pingelapese, Mwoakillese, Pohnpeian and English",Pohnpeian,Pohnpeian,English,English,Pingelapese,"Pingelapese, and Pohnpeian and English",English,English,"Pingelapese, Pohnpeian & English",Pingelapese,English,English,English,English,English,English,English,Pohnpeian,English,Pohnpeian,English,Pohnpeian,Pingelapese,Pingelapese,Pingelapese,Pingelapese,Pohnpeian,Pingelapese,English,English,Pingelapese,Pingelapese,Pingelapese,Pingelapese,Pingelapese,Agree,Disagree,Disagree,Agree,Agree,Disagree,Disagree,Agree,Agree,Agree,Agree,Agree,Agree,Agree,Agree,Agree,Agree,Agree,Agree,Agree,Agree,Agree,Agree,Agree,Disagree,Disagree,Agree,Disagree,Agree,Disagree,Agree,Agree,Disagree,Disagree,Disagree,Disagree,Disagree,Disagree,2,1,2,2,1,1,2,2,2,2,2,1,2,1,1,2,1,3,4,4,4,4,1,4,4,1,"Wahu, Deep, Culture, Meing, Difficult","Descriptive, Poetic, Deep, Hard, Semantics"
38,45 -- 54,Female,Pohnpei State,Pohnpei,Danpei,FSM,Nett,Dolonier,20 - 29 years,20 - 29 years,5 - 9 years,Yes,"Oregon and 17 years, Vanuatu 4 years, Fiji 6 months","Professional degree (JD, MD, etc.)",Private school,Private school,1,Legal Assistant,Teacher,State Public Auditor,"Pohnpei, Nett","Pohnpei, Sokehs",Mwoakilloa,English,Pohnpeian,Not at all,"Mwoakilloa, Pohnpeian, Kosraean, English","Mwoakilloa, Pohnpeian, English",English,Pohnpeian,English,English,English,Mwoakilloa,English,English,English,English,Mwoakilloa,English,English,English,English,English,English,English,English,English,Pohnpeian,English,Pohnpeian,Mokilese,Pohnpeian,Pohnpeian,English,Pohnpeian,Pohnpeian,English,English,English,Mokilese,Pohnpeian,Pohnpeian,Mokilese,Agree,Agree,Disagree,Agree,Disagree,Disagree,Disagree,Disagree,Agree,Disagree,Disagree,Agree,Disagree,Disagree,Disagree,Agree,Agree,Disagree,Agree,Agree,Agree,Agree,Agree,Agree,Disagree,Disagree,Agree,Disagree,Agree,Disagree,Agree,Agree,Disagree,Disagree,Disagree,Agree,Disagree,Disagree,3,1,3,3,1,1,3,3,3,3,3,3,3,1,3,3,1,3,3,3,3,3,1,3,3,1,"Hard, Fluent, Interesting, Complicated, Culture","Easy, Fluent, Hard, Complicated, American"
39,35 -- 44,Female,Pohnpei State,Pohnpei,MESIHSOU,FSM,Madolenihmw,UH,10 - 19 years,40 or more years,10 - 19 years,No,,Associate degree,Public school,Public school,3,ARCHIVIST AND RECORD SPECIALIST,N/A,N/A,MADOLENIHMW MESIHSOU,MADOLENIHMW MESIHSOU,POHNPEI,ENGLISH ,MWOKILOA,Not at all,POHNPEI,POHNPEI,POHNPEI ,POHNPEI,ENGLISH AND POHNPEI ,ENGLISH,ENGLISH,POHNPEI,POHNPEI,ENGLISH,ENGLISH AND POHNPEI ,POHNPEI,POHNPEI,Pohnpeian,Pohnpeian,Pohnpeian,Pohnpeian,Pohnpeian,Pohnpeian,Pohnpeian,Pohnpeian,Pohnpeian,Pohnpeian,Pohnpeian,Pohnpeian,Pohnpeian,Pohnpeian,Pohnpeian,Pohnpeian,Pohnpeian,Pohnpeian,Pohnpeian,Pohnpeian,Pohnpeian,Pohnpeian,Pohnpeian,Pohnpeian,Pohnpeian,Agree,Disagree,Disagree,Agree,Disagree,Agree,Agree,Agree,Agree,Agree,Disagree,Agree,Agree,Disagree,Agree,Disagree,Agree,Agree,Disagree,Agree,Disagree,Disagree,Disagree,Agree,Agree,Disagree,Agree,Disagree,Agree,Disagree,Agree,Agree,Agree,Agree,Disagree,Agree,Agree,Agree,1,1,1,1,1,1,1,1,1,1,1,1,1,1,1,1,1,1,1,1,1,1,1,1,1,1,"KOHDO, KITA, MWONGE, SOHRI, COMPUTER","USE,RICE. COMB, SORRY, CANDY"
40,35 -- 44,Female,RMI,Pohnpei,Kitti,FSM,Kitti,Pehleng,40 or more years,40 or more years,,Yes,Guam 2 years,Associate degree,Public school,Public school,5,Clerk typist2,none,none,pohnpei kitti,pohnpei sokehs,pohnpei,"poehnpei , mokillese , pingelapese","kosraen ,",Very well,pohnpei,pohnpei,pohnpei,english,pohnpeian,"english,and pohnpei",english,pohnpei,"pohnpei,english",english,english,english,pohnpei,English,Pohnpeian,English,Pohnpeian,Pohnpeian,English,English,Pohnpeian,English,Pohnpeian,English,English,Pohnpeian,Pohnpeian,Pohnpeian,Pohnpeian,Pohnpeian,Pohnpeian,Pohnpeian,Pohnpeian,Pohnpeian,Pohnpeian,Pohnpeian,Pohnpeian,Pohnpeian,Agree,Disagree,Agree,Agree,Agree,Disagree,Agree,Disagree,Agree,Agree,Agree,Agree,Agree,Disagree,Agree,Disagree,Agree,Agree,Disagree,Disagree,Agree,Agree,Disagree,Agree,Disagree,Disagree,Agree,Disagree,Agree,Agree,Agree,Agree,Agree,Agree,Disagree,Agree,Agree,Agree,3,2,3,3,3,3,3,3,3,3,3,3,3,4,4,3,1,1,3,2,2,3,1,3,3,1,,
41,25 -- 34,Female,Pohnpei State,Pohnpei,"Poail, Kitti",FSM,Kitti,"Dolonier, Nett",10 - 19 years,10 - 19 years,10 - 19 years,Yes,West Coast - USA - 7 years & 4 years (for college),Bachelor's degree,Private school,Private school,0,High School Teacher for 4 years - now Assistant to Compact Management Division,Secretary/Registrar,Principal,Sapwuahfik - Outer Island of Pohnpei,"Kitti, Pohnpei",Pohnpeian,Pohnpeian and English,Spanish,Not at all,"Ngatikese, Pohnpeian, English","Pohnpeian, English","Pohnpeian, English, Spanish, Japanese",Japanese,English,English,English,Pohnpeian and English,Pohnpeian and English,English,English,English,English and Pohnpeian,English,English,English,Pohnpeian,English,English,English,English,English,Pohnpeian,English,Pohnpeian,Pohnpeian,Pohnpeian,Pohnpeian,English,Pohnpeian,Pohnpeian,Pohnpeian,English,English,Pohnpeian,Pohnpeian,Pohnpeian,English,Agree,Disagree,Disagree,Agree,Agree,Agree,Disagree,Disagree,Agree,Agree,Agree,Agree,Agree,Disagree,Agree,Disagree,Agree,Agree,Agree,Agree,Agree,Disagree,Agree,Agree,Disagree,Agree,Agree,Disagree,Agree,Agree,Agree,Agree,Disagree,Agree,Disagree,Agree,Agree,Disagree,1,1,3,3,3,3,3,3,3,3,3,3,3,3,3,3,3,3,4,4,4,4,3,3,3,1,"Phonetic, Respectful (meing), Fast-paced, Beautiful, Original",Overvalued; Self-Righteous; Proud; Redundant; Close-Minded
36,65 -- 74,Male,US Mainland,USA,Louisiana,USA,Nett,Kolonia,20 - 29 years,20 - 29 years,20 - 29 years,Yes,USA 8 years; Philippines 6 months,"Professional degree (JD, MD, etc.)",Public school,Public school,0,Catholic priest,registered nurse,public school teacher and administrator,"Parachute, Colorado, USA","Basile, Louisiana, USA",English,Pohnpeian,Marshallese,Well,English,"French, English",,Pohnpeian,English,English,English,English,"English, Pohnpeian",English,"Pohnpeian, English",English,"English, Pohnpeian",Pohnpeian,Pohnpeian,English,Pohnpeian,English,English,Pohnpeian,Pohnpeian,English,Pohnpeian,English,Pohnpeian,Pohnpeian,Pohnpeian,Pohnpeian,English,Pohnpeian,Pohnpeian,English,English,English,Pohnpeian,Pohnpeian,Pohnpeian,English,Agree,Disagree,Disagree,Agree,Agree,Disagree,Disagree,Disagree,Agree,Agree,Disagree,Agree,Agree,Disagree,Agree,Agree,Disagree,Agree,Agree,Agree,Disagree,Disagree,Disagree,Agree,Disagree,Disagree,Disagree,Disagree,Agree,Agree,Agree,Agree,Agree,Agree,Disagree,Agree,Agree,Agree,2,1,1,3,1,1,3,2,3,3,3,1,1,2,3,1,1,2,4,3,3,3,1,3,4,1,"unique, honorific, sophisticated, adaptable, evolving","difficult, useful, changing, ubiquitous, necessary"
42,35 -- 44,Female,US Mainland,USA,Mainland,USA,Uh,"Awak, pah",10 - 19 years,10 - 19 years,0 - 4 years,Yes,"Fiji (three weeks), Thailand (10 days), Singapore (ten days), Hong Kong (ten days), Costa Rica (5days), Ireland(2 weeks), Marshall Islands (5 days)",Bachelor's degree,Public school,Public school,1,Missionary wife,Homemaker,Minister,"NY, usa","Ohio, Usa",English,Pohnpeian,"Kosraean, nukuoran, chuukese",Somewhat well,"English, french",English,"English, Pohnpeian, Spanish, Irish, french","Irish, Spanish, french",English,"English, spanish",English,"English, Pohnpeian","English, Pohnpeian, Kosraean","English, pohnpeian","Pohnpeian, English","English, pohnpeian","English, pohnpeian",Pohnpeian,Pohnpeian,English,Pohnpeian,English,English,English,Pohnpeian,English,Pohnpeian,Pohnpeian,Pohnpeian,Pohnpeian,Pohnpeian,Pohnpeian,English,Pohnpeian,Pohnpeian,English,English,Pohnpeian,Pohnpeian,Pohnpeian,Pohnpeian,English,Agree,Disagree,Disagree,Agree,Disagree,Disagree,Disagree,Disagree,Agree,Agree,Disagree,Agree,Agree,Disagree,Agree,Disagree,Agree,Agree,Agree,Agree,Disagree,Disagree,Disagree,Agree,Disagree,Disagree,Agree,Disagree,Agree,Agree,Agree,Agree,Disagree,Disagree,Agree,Agree,Disagree,Disagree,1,1,1,1,1,1,1,3,3,3,1,1,3,3,3,1,1,3,3,1,3,3,1,1,1,1,"Ancient, honorable, complicated, melodic, fast","Hard, non-sensical, monotone, broad, universal"
43,25 -- 34,Female,Pohnpei State,Pohnpei,Kahmar,FSM,Nett,Kahmar,20 - 29 years,20 - 29 years,20 - 29 years,Yes,"Hilo, Hawaii for 3 and half years",Bachelor's degree,Public school,Public school,1,n/a,Payroll accountant,Self employed,"Nett, pohnpei","Kolonia, pohnpei",Pohnpeian,English,N/a,Not at all,Pohnpeian and English,Pohnpeian and English,"Pohnpeian, English, and mortluckese",N/a,English,English,English,Pohnpeian,English and pohnpeian,English,N/a,N/a,Pohnpeian,English,English,English,English,English,English,English,English,English,Pohnpeian,English,Pohnpeian,Pohnpeian,Pohnpeian,Pohnpeian,English,Pohnpeian,Pohnpeian,English,English,Pohnpeian,Pohnpeian,Pohnpeian,Pohnpeian,Pohnpeian,Agree,Agree,Disagree,Agree,Disagree,Disagree,Disagree,Disagree,Agree,Agree,Agree,Disagree,Agree,Disagree,Disagree,Disagree,Agree,Agree,Agree,Disagree,Agree,Agree,Disagree,Disagree,Disagree,Disagree,Agree,Disagree,Agree,Agree,Agree,Agree,Agree,Disagree,Agree,Agree,Agree,Disagree,2,1,1,2,2,2,2,2,2,2,2,2,2,2,2,2,2,2,2,2,2,3,2,2,1,2,Confusing,"Difficult,"
44,45 -- 54,Female,Pohnpei State,Pohnpei,Kitti,FSM,Kitti,Kitti,40 or more years,40 or more years,40 or more years,Yes,"Hawaii 2 years in 1980 and more visits afterwards, Japan 1 month, Philippine 1 month, and Missouri 3 months.","Some college, no degree",Public school,Public school,4,Administrative Assistant,Deceased,Deceased,Pohnpei,Pohnpei,Pohnpeian,English,Chuukese and Mokilese,Not at all,Pohnpeian and Mokilese,Pohnpeian,Pohnpeian and English,Pohnpeian,Pohnpeian,English and Pohnpeian,English,Pohnpeian,Pohnpeian and English,English,English,English and Pohnpeian,Pohnpeian,Pohnpeian,Pohnpeian,English,English,Pohnpeian,English,English,English,English,Pohnpeian,English,Pohnpeian,Pohnpeian,Pohnpeian,Pohnpeian,English,Pohnpeian,Pohnpeian,English,English,English,Pohnpeian,Pohnpeian,Pohnpeian,English,Agree,Disagree,Agree,Agree,Agree,Agree,Agree,Disagree,Disagree,Agree,Disagree,Agree,Agree,Disagree,Agree,Agree,Agree,Agree,Disagree,Agree,Agree,Agree,Disagree,Agree,Disagree,Disagree,Agree,Disagree,Agree,Agree,Agree,Agree,Disagree,Agree,Disagree,Agree,Agree,Disagree,4,2,2,4,4,3,3,3,3,4,4,1,3,1,4,4,1,4,4,4,2,4,1,4,4,1,,
45,35 -- 44,Female,Pohnpei State,Pohnpei,"Enipein Powe, Kitti",FSM,Kitti,Enipein Pah,40 or more years,40 or more years,20 - 29 years,No,,Associate degree,Public school,Public school,5,Secretary,Housewife,School Bus Driver,"Enipein Powe, Kitti, Pohnpei","Enipein Powe, Kitti, Pohnpei",Pohnpeian,English,,Somewhat well,Pohnpeian,Pohnpeian,Pohnpeian/English/Japanese,Pohnpeian/English,English/Pohnpeian,English,English,Pohnpeian,Pohnpeian,English/Pohnpeian,Pohnpeian/English,English/Pohnpeian,Pohnpeian,Pohnpeian,Pohnpeian,Other,Pohnpeian,Pohnpeian,Pohnpeian,Pohnpeian,Pohnpeian,Other,Pohnpeian,Other,Pohnpeian,Pohnpeian,Pohnpeian,Pohnpeian,Pohnpeian,Pohnpeian,Pohnpeian,Pohnpeian,Other,Pohnpeian,Pohnpeian,Pohnpeian,Pohnpeian,Pohnpeian,Agree,Disagree,Disagree,Agree,Agree,Agree,Agree,Disagree,Agree,Agree,Disagree,Agree,Agree,Disagree,Agree,Agree,Agree,Agree,Agree,Agree,Disagree,Disagree,Disagree,Disagree,Disagree,Disagree,Agree,Disagree,Agree,Disagree,Agree,Agree,Agree,Agree,Disagree,Agree,Agree,Agree,1,1,2,4,4,4,4,1,4,4,4,1,1,1,3,1,1,1,4,4,1,2,1,4,4,1,My language is my IDENTITY.,English language is my FASHION
46,45 -- 54,Male,Pohnpei State,Pohnpei,Kolonia,FSM,Madolenihmw,Sapwalap,40 or more years,40 or more years,10 - 19 years,Yes,"Australia,USA,Japan and all the South Pacific Islands",Trade/Technical/vocational training,Both,Private school,7,Fishery observer Trainer and assessor,Tailor,Real esitate,Pohnpei Kitti,Chuuk Fefen,Pohnpei,"Chuukese,Yapese,outer island of Yap and Palau, Mwoakilese, Ngatikese, Pingilapese,","Spanish,Marshallese, pigin English of Solomons,PNG,and Vanuatu",Very well,"Chuukese,Pohnpeian,Ngatikese,Kosraean,Mwoakilese,English","Pohnpeian,Chuukese,outer island of Yap and Palau,English and Phillipino(Tagalo)","Pohnpeian as mother tongue, English, Japanese,Chinese and French",Spanish,English and Pohnpeian,English only,English,Pohnpeian,Depend on which country they are from,English and depending which Country they are from,English and other nationals of the FSM as well as south Pacific,Back in High school its a mix of all FSM languages and Palauan plus the Marshallese language,Pohnpeian and English,English,English,English,Pohnpeian,English,English,English,Pohnpeian,English,Pohnpeian,English,Pohnpeian,Pohnpeian,Pohnpeian,Pohnpeian,English,Pohnpeian,Pohnpeian,Pohnpeian,English,Pohnpeian,Pohnpeian,Pohnpeian,Pohnpeian,Pohnpeian,Agree,Disagree,Disagree,Agree,Agree,Agree,Disagree,Disagree,Agree,Agree,Disagree,Agree,Agree,Disagree,Agree,Agree,Agree,Agree,Agree,Agree,Agree,Agree,Agree,Agree,Disagree,Disagree,Agree,Disagree,Disagree,Disagree,Agree,Agree,Agree,Agree,Disagree,Agree,Agree,Agree,2,1,2,3,1,1,2,3,3,3,3,2,3,1,3,3,2,2,4,3,2,3,2,3,3,1,"Humble,peaceful,Cultured,Generous,Polite","laud,detail,Polite,patriotic and proud"
47,25 -- 34,Female,Pohnpei State,Pohnpei,"Wone, Kitti",FSM,Kitti,Wone Kitti,30 - 39 years,30 - 39 years,30 - 39 years,Yes,"USA, Japan, two weeks at most",Associate degree,Public school,Public school,2,Legislative Assistant,unemployed,,Wone Kitti,,Pohnpeian,English,None,Well,Pohnpeian,,"Pohnpeian, English",,"Pohnpeian, English","Pohnpeian, Engllish",English,"Pohnpeian, English","Pohnpeian, English",English,"Pohnpeian, English","Pohnpeian, English","Pohnpeian, English",Pohnpeian,English,English,Pohnpeian,English,English,English,Pohnpeian,English,Pohnpeian,English,Pohnpeian,Pohnpeian,Pohnpeian,Pohnpeian,English,Pohnpeian,Pohnpeian,Pohnpeian,English,Pohnpeian,Pohnpeian,Pohnpeian,Pohnpeian,English,Agree,Disagree,Agree,Disagree,Agree,Disagree,Agree,Disagree,Disagree,Agree,Disagree,Agree,Agree,Disagree,Agree,Disagree,Agree,Agree,Disagree,Agree,Agree,Agree,Disagree,Agree,Disagree,Disagree,Agree,Disagree,Agree,Agree,Agree,Agree,Disagree,Disagree,Agree,Agree,Agree,Disagree,3,1,1,4,1,1,3,4,2,3,4,1,2,1,1,1,1,1,4,4,4,4,1,3,3,1,"Waun, respectful, comforting, sensitive, powerful","easy, convenient, direct, powerful, respectful"
48,25 -- 34,Male,Pohnpei State,,Kahmar,FSM,Nett,Kahmar,30 - 39 years,30 - 39 years,30 - 39 years,Yes,Palau,"High school, diploma, or GED",Public school,Private school,2,Airport ramp supervisor,Tourism manager,Front desk,Nett,Uh,Pohnpeian,English,,Well,,,Pohnpeian,French,English,English,,Pohnpeian,English/Pohnpeian,English,English,English,Pohnpeian,Pohnpeian,Pohnpeian,Pohnpeian,Pohnpeian,Pohnpeian,Pohnpeian,Pohnpeian,Pohnpeian,Pohnpeian,Pohnpeian,Pohnpeian,Pohnpeian,Pohnpeian,Pohnpeian,Pohnpeian,Pohnpeian,Pohnpeian,Pohnpeian,Pohnpeian,Pohnpeian,Pohnpeian,Pohnpeian,Pohnpeian,Pohnpeian,Pohnpeian,Agree,Disagree,Disagree,Agree,Disagree,Disagree,Agree,Disagree,Agree,Agree,Agree,Disagree,Disagree,Disagree,Agree,Agree,Agree,Agree,Agree,Agree,Agree,Agree,Agree,Agree,Disagree,Disagree,Agree,Agree,Agree,Agree,Agree,Agree,Agree,Agree,Agree,Agree,Agree,Agree,1,1,1,4,1,1,2,2,2,2,4,1,1,1,1,1,1,1,4,4,4,4,1,4,4,1,,
49,55 -- 64,Male,Pohnpei State,Sokehs,Roie(Deh),FSM,Sokehs,Roie(Deh),40 or more years,40 or more years,40 or more years,Yes,Guam for five years,Bachelor's degree,Public school,Public school,5,Classroom Teacher,Housekeeping,Farmer,Roie(Deh),Roie(Deh),Mortlockese,Chuukese/Pohnpeian/English,Carolinian,Well,Mortlockese,Mortlockese,Mortlockese/Pohnpeian/English,Pohnpeian,Mortlockese,English,English,Mortlockese,Mortlockese/Pohnpeian/Chuukese/English,English,English/Pohnpeian,English/Pohnpeian,Mortlockese,English,English,English,Mortlockese,English,English,English,Pohnpeian,English,Pohnpeian,English,Pohnpeian,Pohnpeian,Pohnpeian,Pohnpeian,English,English,Pohnpeian,English,English,English,Mortlockese,Pohnpeian,Mortlockese,Mortlockese,Agree,Agree,Disagree,Agree,Agree,Disagree,Agree,Disagree,Agree,Disagree,Disagree,Agree,Agree,Agree,Agree,Agree,Agree,Agree,Agree,Agree,Agree,Agree,Agree,Agree,Disagree,Disagree,Agree,Disagree,Agree,Agree,Agree,Agree,Disagree,Disagree,Agree,Disagree,Disagree,Disagree,2,1,2,1,1,1,1,2,2,1,2,1,2,2,2,2,1,1,2,1,4,4,1,2,2,1,"Unique, organized, simple,good,respectful","Good,complicated,organized,popular,easy"
50,18 -- 24,Female,Guam,Pohnpei,Rohi,USA,Kitti,Wone,20 - 29 years,20 - 29 years,0 - 4 years,Yes,"Guam about 1 year or so. South Carolina, 5 months. Georgia, 1 month. Kansas, 4 months.","Some college, no degree",Both,Public school,2,"none, job hunting at the moment",housewife/family business manager,Electrician/Fisherman and farmer part-time,"Pohnpei, Sokehs, Palikir","Pohnpei, Kitti, Rohi",Pohnapeian,english and chinese,"Japanese, Spanish, ASL, Phillipines",Well,English and Pohnapeian,"Kosraean, Japanese, Pohnapeian, English, and Chukese",English and Pohnapeian,"Chinese, Japanese, ASL and Spanish",English,English and Pohnapeian,English and Chinese,English and Pohnpeian,English and Pohnapeian,English,English and Pohnapeian,English and Pohnapeian,English and Pohnapeian,English,English,English,Pohnpeian,English,English,English,English,English,English,English,Pohnpeian,Pohnpeian,Pohnpeian,Pohnpeian,English,English,Pohnpeian,English,English,English,Pohnpeian,English,Pohnpeian,English,Agree,Disagree,Disagree,Agree,Disagree,Disagree,Disagree,Disagree,Agree,Agree,Disagree,Agree,Agree,Agree,Agree,Agree,Agree,Agree,Agree,Agree,Agree,Agree,Agree,Agree,Disagree,Disagree,Disagree,Disagree,Agree,Agree,Agree,Agree,Agree,Disagree,Agree,Disagree,Disagree,Disagree,1,2,4,3,2,2,3,3,2,3,3,3,3,2,3,2,4,4,3,3,2,3,4,3,3,2,"specific, romantic, difficult, poetic, elegant","easy, straight, forward, world-wide, meaningful"
51,35 -- 44,Female,Pohnpei State,Pohnpei,"Madolenihmw, Elieliwi",FSM,Madolenihmw,Elieliwi,30 - 39 years,30 - 39 years,30 - 39 years,Yes,"Guam, one year",Master's degree,Public school,Public school,1,Program Coordinator (Education Division),Teacher Aid,Classroom Teacher,Madolenihmw,Madolenihmw,Pohnpeian,English,NOne,Somewhat well,Pohnpeian,Pohnpeian,Pohnpeian,Pohnpeian and english,Bilingual/english and pohnpeian,,english,pohnpeian,"native tongue, if understand the language",english,,English,Pohnpeian,Pohnpeian,Pohnpeian,Pohnpeian,Pohnpeian,Pohnpeian,Pohnpeian,Pohnpeian,Pohnpeian,Pohnpeian,Pohnpeian,Pohnpeian,Pohnpeian,Pohnpeian,Pohnpeian,Pohnpeian,Pohnpeian,Pohnpeian,Pohnpeian,Pohnpeian,Pohnpeian,Pohnpeian,Pohnpeian,Pohnpeian,Pohnpeian,Pohnpeian,Agree,Disagree,Disagree,Agree,Disagree,Disagree,Disagree,Disagree,Agree,Agree,Disagree,Disagree,Disagree,Disagree,Disagree,Disagree,Disagree,Agree,Disagree,Agree,Disagree,Disagree,Disagree,Disagree,Disagree,Disagree,Agree,Disagree,Disagree,Disagree,Disagree,Disagree,Agree,Disagree,Disagree,Disagree,Disagree,Disagree,4,1,1,3,2,2,1,1,1,2,1,1,1,1,1,1,1,1,4,1,1,4,1,1,1,1,"Changing, extinct, hard","complicated,"
52,25 -- 34,Male,Pohnpei State,Pohnpei,Kitti,FSM,Nett,Nett,30 - 39 years,30 - 39 years,0 - 4 years,No,,Associate degree,Public school,Private school,2,Environmental Educator,House mother,Fisherman,Pohnpei Kitti,Pohnpei Kitti,Pohnpeian,English,Sapwafik,Well,Pohnpeian,Pohnpeian,"English, Pohnpei, any","Pohnpeian, English, Chines","Pohnpeian, English",English,English,"Pohnpeian, English","Pohnpeian, English, Sapwafik",English,"English, Pohnpeian",English,Pohnpeian English,Pohnpeian,Pohnpeian,Pohnpeian,Pohnpeian,Pohnpeian,Pohnpeian,Pohnpeian,Pohnpeian,Pohnpeian,Pohnpeian,Pohnpeian,Pohnpeian,Pohnpeian,Pohnpeian,Pohnpeian,Pohnpeian,Pohnpeian,Pohnpeian,Pohnpeian,English,English,Pohnpeian,Pohnpeian,Pohnpeian,Pohnpeian,Agree,Disagree,Disagree,Agree,Agree,Agree,Agree,Disagree,Agree,Agree,Agree,Agree,Disagree,Disagree,Agree,Disagree,Agree,Agree,Agree,Agree,Disagree,Disagree,Disagree,Agree,Disagree,Disagree,Agree,Disagree,Agree,Agree,Agree,Agree,Agree,Agree,Disagree,Agree,Agree,Disagree,3,1,4,4,3,3,4,4,4,4,4,4,4,4,4,4,2,3,4,4,4,4,2,4,4,2,"Wahu, Sakau, Pei, Sarawi, Peren",Build
53,25 -- 34,Female,Pohnpei State,pohnpei,paliais,FSM,Nett,,10 - 19 years,10 - 19 years,10 - 19 years,Yes,,"High school, diploma, or GED",Public school,Public school,4,Artist,Artistic,cloth designer,paliais,ipwitek,pohnpeian,english,ngetik and spanish,Somewhat well,pohnpeian,pohnpeian,"english,pohnpeian and spanish",spanish,pohnpeian and english,english,english,pohnpeian,english,english,english,english,english pohnpeian and spanish,English,English,English,Pohnpeian,English,English,English,English,English,Pohnpeian,English,Pohnpeian,Pohnpeian,Pohnpeian,Pohnpeian,English,Pohnpeian,Pohnpeian,Pohnpeian,English,English,Pohnpeian,English,Pohnpeian,Pohnpeian,Agree,Disagree,Disagree,Agree,Disagree,Disagree,Agree,Disagree,Agree,Agree,Disagree,Agree,Agree,Disagree,Agree,Disagree,Agree,Agree,Disagree,Agree,Agree,Agree,Agree,Agree,Disagree,Disagree,Agree,Disagree,Agree,Disagree,Agree,Agree,Disagree,Agree,Agree,Agree,Agree,Disagree,1,1,4,4,4,2,3,3,3,3,4,4,2,1,4,2,3,4,4,4,4,4,1,4,3,2,"important,unique, exotic, romantic, lovely.",important for communication around the world.